[{"code":"RO-AB","name":"Alba","total":{"value":1701242547.28,"projects":127},"programs":{"PDD":{"value":223121585.19999999,"projects":1},"PEO":{"value":208098616.80000001,"projects":35},"PIDS":{"value":121593889.61,"projects":12},"POCIDIF":{"value":0,"projects":0},"PS":{"value":47297194.960000001,"projects":9},"PT":{"value":0,"projects":0},"PTJ":{"value":0,"projects":0},"PR":{"value":1101131260.71,"projects":70},"OTHER":{"value":0,"projects":0}}},{"code":"RO-AR","name":"Arad","total":{"value":1797008276.04,"projects":71},"programs":{"PDD":{"value":66181706.5,"projects":3},"PEO":{"value":22194134.280000001,"projects":4},"PIDS":{"value":16032282.970000001,"projects":8},"POCIDIF":{"value":10401989.199999999,"projects":1},"PS":{"value":100217549.81,"projects":5},"PT":{"value":433224546.13999999,"projects":2},"PTJ":{"value":0,"projects":0},"PR":{"value":1148756067.1400001,"projects":48},"OTHER":{"value":0,"projects":0}}},{"code":"RO-AG","name":"Argeș","total":{"value":3196491372.6999998,"projects":148},"programs":{"PDD":{"value":992795230.11000001,"projects":2},"PEO":{"value":78625306.180000007,"projects":16},"PIDS":{"value":29860653.210000001,"projects":7},"POCIDIF":{"value":77903129.049999997,"projects":2},"PS":{"value":42022998.140000001,"projects":4},"PT":{"value":0,"projects":0},"PTJ":{"value":0,"projects":0},"PR":{"value":1975284056.01,"projects":117},"OTHER":{"value":0,"projects":0}}},{"code":"RO-BC","name":"Bacău","total":{"value":4193903510.79,"projects":147},"programs":{"PDD":{"value":3411219069.6399999,"projects":5},"PEO":{"value":6640431.2400000002,"projects":2},"PIDS":{"value":27127636.690000001,"projects":4},"POCIDIF":{"value":5138428.5700000003,"projects":1},"PS":{"value":53977228.43,"projects":7},"PT":{"value":0,"projects":0},"PTJ":{"value":0,"projects":0},"PR":{"value":689800716.22000003,"projects":128},"OTHER":{"value":0,"projects":0}}},{"code":"RO-BH","name":"Bihor","total":{"value":4636575256.5100002,"projects":126},"programs":{"PDD":{"value":498924051.85000002,"projects":7},"PEO":{"value":45612994.460000001,"projects":12},"PIDS":{"value":27165614,"projects":4},"POCIDIF":{"value":8991433.5800000001,"projects":2},"PS":{"value":126412197.19,"projects":7},"PT":{"value":517911929.35000002,"projects":3},"PTJ":{"value":0,"projects":0},"PR":{"value":3411557036.0799999,"projects":91},"OTHER":{"value":0,"projects":0}}},{"code":"RO-BN","name":"Bistrița-Năsăud","total":{"value":3309087757.8000002,"projects":57},"programs":{"PDD":{"value":1497070279.8800001,"projects":6},"PEO":{"value":12330912.300000001,"projects":5},"PIDS":{"value":39701918.75,"projects":4},"POCIDIF":{"value":9286574.9600000009,"projects":1},"PS":{"value":42868288.600000001,"projects":4},"PT":{"value":0,"projects":0},"PTJ":{"value":0,"projects":0},"PR":{"value":1707829783.3099999,"projects":37},"OTHER":{"value":0,"projects":0}}},{"code":"RO-BT","name":"Botoșani","total":{"value":725568686.83000004,"projects":105},"programs":{"PDD":{"value":10809832.49,"projects":1},"PEO":{"value":22344935.129999999,"projects":6},"PIDS":{"value":87557391.450000003,"projects":18},"POCIDIF":{"value":0,"projects":0},"PS":{"value":51657928.609999999,"projects":4},"PT":{"value":8752570,"projects":1},"PTJ":{"value":0,"projects":0},"PR":{"value":544446029.14999998,"projects":75},"OTHER":{"value":0,"projects":0}}},{"code":"RO-BV","name":"Brașov","total":{"value":3427027327.8899999,"projects":153},"programs":{"PDD":{"value":1411964092.1600001,"projects":4},"PEO":{"value":63856175.240000002,"projects":14},"PIDS":{"value":61922146.920000002,"projects":10},"POCIDIF":{"value":23927914.25,"projects":3},"PS":{"value":144302354.77000001,"projects":5},"PT":{"value":0,"projects":0},"PTJ":{"value":0,"projects":0},"PR":{"value":1721054644.55,"projects":117},"OTHER":{"value":0,"projects":0}}},{"code":"RO-BR","name":"Brăila","total":{"value":2674224375,"projects":44},"programs":{"PDD":{"value":1240377201,"projects":1},"PEO":{"value":95243936.569999993,"projects":7},"PIDS":{"value":105089911.20999999,"projects":8},"POCIDIF":{"value":0,"projects":0},"PS":{"value":325736.23999999999,"projects":1},"PT":{"value":253053092.52000001,"projects":2},"PTJ":{"value":0,"projects":0},"PR":{"value":980134497.46000004,"projects":25},"OTHER":{"value":0,"projects":0}}},{"code":"RO-BI","name":"București","total":{"value":27541940473.299999,"projects":189},"programs":{"PDD":{"value":2369044040.6199999,"projects":6},"PEO":{"value":572712919.95000005,"projects":45},"PIDS":{"value":435507623.69,"projects":34},"POCIDIF":{"value":1167460273.6800001,"projects":19},"PS":{"value":226478753.47999999,"projects":17},"PT":{"value":17961071544.389999,"projects":3},"PTJ":{"value":52247587.409999996,"projects":1},"PR":{"value":4757417730.0799999,"projects":64},"OTHER":{"value":0,"projects":0}}},{"code":"RO-BZ","name":"Buzău","total":{"value":2423922942.9899998,"projects":39},"programs":{"PDD":{"value":1592438283.1500001,"projects":2},"PEO":{"value":9786535.7200000007,"projects":3},"PIDS":{"value":14298410.98,"projects":3},"POCIDIF":{"value":0,"projects":0},"PS":{"value":13477617.52,"projects":4},"PT":{"value":18777502.960000001,"projects":1},"PTJ":{"value":0,"projects":0},"PR":{"value":775144592.65999997,"projects":26},"OTHER":{"value":0,"projects":0}}},{"code":"RO-CS","name":"Caraș-Severin","total":{"value":2227468508.46,"projects":73},"programs":{"PDD":{"value":1006590777.4400001,"projects":2},"PEO":{"value":24796811.57,"projects":6},"PIDS":{"value":36310422.789999999,"projects":8},"POCIDIF":{"value":0,"projects":0},"PS":{"value":32986104.420000002,"projects":5},"PT":{"value":13978166.300000001,"projects":1},"PTJ":{"value":0,"projects":0},"PR":{"value":1112806225.9400001,"projects":51},"OTHER":{"value":0,"projects":0}}},{"code":"RO-CJ","name":"Cluj","total":{"value":7246031196.9700003,"projects":183},"programs":{"PDD":{"value":457486351.69999999,"projects":1},"PEO":{"value":192664652.15000001,"projects":28},"PIDS":{"value":141089473.72999999,"projects":17},"POCIDIF":{"value":71091691.870000005,"projects":9},"PS":{"value":3690004592.9200001,"projects":9},"PT":{"value":0,"projects":0},"PTJ":{"value":0,"projects":0},"PR":{"value":2693694434.5999999,"projects":119},"OTHER":{"value":0,"projects":0}}},{"code":"RO-CT","name":"Constanța","total":{"value":6750967906.3699999,"projects":134},"programs":{"PDD":{"value":2671371640.29,"projects":6},"PEO":{"value":57045227.490000002,"projects":11},"PIDS":{"value":22936024.039999999,"projects":5},"POCIDIF":{"value":5689045.8399999999,"projects":1},"PS":{"value":212912968.88,"projects":8},"PT":{"value":2468481971.02,"projects":33},"PTJ":{"value":0,"projects":0},"PR":{"value":1312531028.8099999,"projects":70},"OTHER":{"value":0,"projects":0}}},{"code":"RO-CV","name":"Covasna","total":{"value":700064193.23000002,"projects":51},"programs":{"PDD":{"value":8192360.79,"projects":2},"PEO":{"value":34821860.630000003,"projects":5},"PIDS":{"value":20426395.079999998,"projects":4},"POCIDIF":{"value":0,"projects":0},"PS":{"value":11074730.02,"projects":4},"PT":{"value":0,"projects":0},"PTJ":{"value":0,"projects":0},"PR":{"value":625548846.71000004,"projects":36},"OTHER":{"value":0,"projects":0}}},{"code":"RO-CL","name":"Călărași","total":{"value":948925254.37,"projects":58},"programs":{"PDD":{"value":0,"projects":0},"PEO":{"value":78844327.609999999,"projects":8},"PIDS":{"value":87335413.310000002,"projects":9},"POCIDIF":{"value":14063906.17,"projects":2},"PS":{"value":50411606.460000001,"projects":3},"PT":{"value":0,"projects":0},"PTJ":{"value":0,"projects":0},"PR":{"value":718270000.82000005,"projects":36},"OTHER":{"value":0,"projects":0}}},{"code":"RO-DJ","name":"Dolj","total":{"value":9027590825.6299992,"projects":404},"programs":{"PDD":{"value":777967575.08000004,"projects":2},"PEO":{"value":181597144.72,"projects":30},"PIDS":{"value":168898553.53999999,"projects":18},"POCIDIF":{"value":23508854.350000001,"projects":3},"PS":{"value":3780244972.48,"projects":8},"PT":{"value":194260405.5,"projects":1},"PTJ":{"value":1551122600.03,"projects":115},"PR":{"value":2349990719.9299998,"projects":227},"OTHER":{"value":0,"projects":0}}},{"code":"RO-DB","name":"Dâmbovița","total":{"value":4513159951.2799997,"projects":137},"programs":{"PDD":{"value":2530151449.4899998,"projects":3},"PEO":{"value":55505464.799999997,"projects":11},"PIDS":{"value":17538600.27,"projects":4},"POCIDIF":{"value":25530027.07,"projects":3},"PS":{"value":75673542.049999997,"projects":7},"PT":{"value":505602023.04000002,"projects":4},"PTJ":{"value":0,"projects":0},"PR":{"value":1303158844.5599999,"projects":105},"OTHER":{"value":0,"projects":0}}},{"code":"RO-GL","name":"Galați","total":{"value":3912374440.8099999,"projects":163},"programs":{"PDD":{"value":741380167.39999998,"projects":3},"PEO":{"value":24596685.039999999,"projects":9},"PIDS":{"value":37135467.659999996,"projects":12},"POCIDIF":{"value":19793881.640000001,"projects":3},"PS":{"value":115649815.84999999,"projects":8},"PT":{"value":707634394.62,"projects":7},"PTJ":{"value":865206188.82000005,"projects":59},"PR":{"value":1400977839.78,"projects":62},"OTHER":{"value":0,"projects":0}}},{"code":"RO-GR","name":"Giurgiu","total":{"value":751380801.20000005,"projects":48},"programs":{"PDD":{"value":8912742.9900000002,"projects":1},"PEO":{"value":36981842.619999997,"projects":11},"PIDS":{"value":50165606.310000002,"projects":9},"POCIDIF":{"value":39679436.270000003,"projects":1},"PS":{"value":0,"projects":0},"PT":{"value":140171784.30000001,"projects":1},"PTJ":{"value":0,"projects":0},"PR":{"value":475469388.70999998,"projects":25},"OTHER":{"value":0,"projects":0}}},{"code":"RO-GJ","name":"Gorj","total":{"value":4147733742.4099998,"projects":198},"programs":{"PDD":{"value":1183224930.0699999,"projects":2},"PEO":{"value":66635233.140000001,"projects":15},"PIDS":{"value":14319686.43,"projects":3},"POCIDIF":{"value":0,"projects":0},"PS":{"value":16380907.58,"projects":3},"PT":{"value":0,"projects":0},"PTJ":{"value":1501548749.27,"projects":97},"PR":{"value":1365624235.9200001,"projects":78},"OTHER":{"value":0,"projects":0}}},{"code":"RO-HR","name":"Harghita","total":{"value":970728488.70000005,"projects":79},"programs":{"PDD":{"value":4782406.7999999998,"projects":1},"PEO":{"value":19579207.079999998,"projects":7},"PIDS":{"value":9442938.1300000008,"projects":1},"POCIDIF":{"value":15732451.93,"projects":2},"PS":{"value":111076637.73,"projects":5},"PT":{"value":18500838.789999999,"projects":1},"PTJ":{"value":0,"projects":0},"PR":{"value":791614008.24000001,"projects":62},"OTHER":{"value":0,"projects":0}}},{"code":"RO-HD","name":"Hunedoara","total":{"value":4366806735.5799999,"projects":241},"programs":{"PDD":{"value":1475458240.9000001,"projects":5},"PEO":{"value":34562314.219999999,"projects":10},"PIDS":{"value":35070754.5,"projects":8},"POCIDIF":{"value":2524882.4500000002,"projects":1},"PS":{"value":99683079.209999993,"projects":12},"PT":{"value":0,"projects":0},"PTJ":{"value":1582800239.1600001,"projects":109},"PR":{"value":1136707225.1400001,"projects":96},"OTHER":{"value":0,"projects":0}}},{"code":"RO-IL","name":"Ialomița","total":{"value":841150679.37,"projects":49},"programs":{"PDD":{"value":111520932.3,"projects":1},"PEO":{"value":21574804.079999998,"projects":7},"PIDS":{"value":4378627,"projects":2},"POCIDIF":{"value":8860531.4000000004,"projects":1},"PS":{"value":47385001.560000002,"projects":4},"PT":{"value":0,"projects":0},"PTJ":{"value":0,"projects":0},"PR":{"value":647430783.02999997,"projects":34},"OTHER":{"value":0,"projects":0}}},{"code":"RO-IS","name":"Iași","total":{"value":7474950509.3800001,"projects":312},"programs":{"PDD":{"value":2528253467.8699999,"projects":2},"PEO":{"value":135970873.96000001,"projects":38},"PIDS":{"value":118186349.53,"projects":17},"POCIDIF":{"value":33241526.359999999,"projects":5},"PS":{"value":3417924160.02,"projects":13},"PT":{"value":54622199.770000003,"projects":1},"PTJ":{"value":0,"projects":0},"PR":{"value":1186751931.8699999,"projects":236},"OTHER":{"value":0,"projects":0}}},{"code":"RO-IF","name":"Ilfov","total":{"value":3107584667.1599998,"projects":31},"programs":{"PDD":{"value":2240498722.5999999,"projects":4},"PEO":{"value":0,"projects":0},"PIDS":{"value":106438681.45,"projects":8},"POCIDIF":{"value":292629,"projects":1},"PS":{"value":191369108.94,"projects":3},"PT":{"value":0,"projects":0},"PTJ":{"value":0,"projects":0},"PR":{"value":568985525.16999996,"projects":15},"OTHER":{"value":0,"projects":0}}},{"code":"RO-MM","name":"Maramureș","total":{"value":5149094257.1099997,"projects":131},"programs":{"PDD":{"value":2366777404,"projects":1},"PEO":{"value":106781331.27,"projects":27},"PIDS":{"value":222949986.11000001,"projects":41},"POCIDIF":{"value":0,"projects":0},"PS":{"value":51042720.200000003,"projects":3},"PT":{"value":220155086.30000001,"projects":1},"PTJ":{"value":0,"projects":0},"PR":{"value":2181387729.23,"projects":58},"OTHER":{"value":0,"projects":0}}},{"code":"RO-MH","name":"Mehedinți","total":{"value":1237976295.23,"projects":91},"programs":{"PDD":{"value":253136923.30000001,"projects":1},"PEO":{"value":26368044.609999999,"projects":7},"PIDS":{"value":0,"projects":0},"POCIDIF":{"value":0,"projects":0},"PS":{"value":23601839.27,"projects":4},"PT":{"value":0,"projects":0},"PTJ":{"value":0,"projects":0},"PR":{"value":934869488.04999995,"projects":79},"OTHER":{"value":0,"projects":0}}},{"code":"RO-MS","name":"Mureș","total":{"value":2221179186.8099999,"projects":136},"programs":{"PDD":{"value":179290004.81,"projects":3},"PEO":{"value":14897583.68,"projects":5},"PIDS":{"value":3186224.5899999999,"projects":2},"POCIDIF":{"value":16137230.66,"projects":2},"PS":{"value":163029610.53,"projects":9},"PT":{"value":306529000,"projects":1},"PTJ":{"value":487030217.54000002,"projects":37},"PR":{"value":1051079315,"projects":77},"OTHER":{"value":0,"projects":0}}},{"code":"RO-NT","name":"Neamț","total":{"value":1512146602.22,"projects":101},"programs":{"PDD":{"value":2249394.73,"projects":2},"PEO":{"value":50241981.280000001,"projects":16},"PIDS":{"value":86822858.069999993,"projects":15},"POCIDIF":{"value":14455232.699999999,"projects":2},"PS":{"value":68283680.819999993,"projects":4},"PT":{"value":0,"projects":0},"PTJ":{"value":0,"projects":0},"PR":{"value":1290093454.6199999,"projects":62},"OTHER":{"value":0,"projects":0}}},{"code":"RO-OT","name":"Olt","total":{"value":2287734195.9899998,"projects":135},"programs":{"PDD":{"value":906041950.70000005,"projects":1},"PEO":{"value":51822769.479999997,"projects":12},"PIDS":{"value":20880493.670000002,"projects":4},"POCIDIF":{"value":0,"projects":0},"PS":{"value":41599288.210000001,"projects":6},"PT":{"value":199634203.90000001,"projects":1},"PTJ":{"value":0,"projects":0},"PR":{"value":1067755490.03,"projects":111},"OTHER":{"value":0,"projects":0}}},{"code":"RO-PH","name":"Prahova","total":{"value":6265966014.3500004,"projects":215},"programs":{"PDD":{"value":3411946169.2399998,"projects":2},"PEO":{"value":39421994.240000002,"projects":11},"PIDS":{"value":73393068.599999994,"projects":16},"POCIDIF":{"value":32679268.27,"projects":4},"PS":{"value":141741114.06,"projects":6},"PT":{"value":0,"projects":0},"PTJ":{"value":1686657417.4100001,"projects":78},"PR":{"value":880126982.52999997,"projects":98},"OTHER":{"value":0,"projects":0}}},{"code":"RO-SM","name":"Satu Mare","total":{"value":1774224336.05,"projects":50},"programs":{"PDD":{"value":354135765.42000002,"projects":2},"PEO":{"value":2419108.5299999998,"projects":1},"PIDS":{"value":20802366.059999999,"projects":5},"POCIDIF":{"value":0,"projects":0},"PS":{"value":41119067.229999997,"projects":4},"PT":{"value":1761902.3600000001,"projects":1},"PTJ":{"value":0,"projects":0},"PR":{"value":1353986126.45,"projects":37},"OTHER":{"value":0,"projects":0}}},{"code":"RO-SB","name":"Sibiu","total":{"value":2561716558.1700001,"projects":108},"programs":{"PDD":{"value":853099694.23000002,"projects":2},"PEO":{"value":42302141.210000001,"projects":11},"PIDS":{"value":28218621.140000001,"projects":6},"POCIDIF":{"value":24355842.920000002,"projects":3},"PS":{"value":86687683.629999995,"projects":9},"PT":{"value":0,"projects":0},"PTJ":{"value":0,"projects":0},"PR":{"value":1527052575.04,"projects":77},"OTHER":{"value":0,"projects":0}}},{"code":"RO-SV","name":"Suceava","total":{"value":2995407959.1100001,"projects":211},"programs":{"PDD":{"value":1576353203.23,"projects":3},"PEO":{"value":66156341.659999996,"projects":17},"PIDS":{"value":161954250.53,"projects":30},"POCIDIF":{"value":0,"projects":0},"PS":{"value":55028334.840000004,"projects":6},"PT":{"value":0,"projects":0},"PTJ":{"value":0,"projects":0},"PR":{"value":1135915828.8499999,"projects":155},"OTHER":{"value":0,"projects":0}}},{"code":"RO-SJ","name":"Sălaj","total":{"value":1261962826.8199999,"projects":36},"programs":{"PDD":{"value":0,"projects":0},"PEO":{"value":9939697.25,"projects":1},"PIDS":{"value":31954791.699999999,"projects":7},"POCIDIF":{"value":0,"projects":0},"PS":{"value":0,"projects":0},"PT":{"value":152909056.11000001,"projects":2},"PTJ":{"value":0,"projects":0},"PR":{"value":1067159281.76,"projects":26},"OTHER":{"value":0,"projects":0}}},{"code":"RO-TR","name":"Teleorman","total":{"value":2090696306.21,"projects":60},"programs":{"PDD":{"value":886483500.83000004,"projects":2},"PEO":{"value":41359973.850000001,"projects":9},"PIDS":{"value":29041441.969999999,"projects":7},"POCIDIF":{"value":7951794.5700000003,"projects":1},"PS":{"value":20885628.489999998,"projects":4},"PT":{"value":186738169.03999999,"projects":2},"PTJ":{"value":0,"projects":0},"PR":{"value":918235797.46000004,"projects":35},"OTHER":{"value":0,"projects":0}}},{"code":"RO-TM","name":"Timiș","total":{"value":3792924432.3099999,"projects":135},"programs":{"PDD":{"value":911708385.78999996,"projects":4},"PEO":{"value":148715431.02000001,"projects":14},"PIDS":{"value":133295042.68000001,"projects":15},"POCIDIF":{"value":15219080.77,"projects":3},"PS":{"value":97804295.069999993,"projects":10},"PT":{"value":860105268.35000002,"projects":4},"PTJ":{"value":0,"projects":0},"PR":{"value":1626076928.6300001,"projects":85},"OTHER":{"value":0,"projects":0}}},{"code":"RO-TL","name":"Tulcea","total":{"value":1754741372.95,"projects":52},"programs":{"PDD":{"value":48046691.770000003,"projects":6},"PEO":{"value":60627572.560000002,"projects":10},"PIDS":{"value":39825405.719999999,"projects":8},"POCIDIF":{"value":0,"projects":0},"PS":{"value":504441602.49000001,"projects":3},"PT":{"value":694233233.63,"projects":5},"PTJ":{"value":0,"projects":0},"PR":{"value":407566866.77999997,"projects":20},"OTHER":{"value":0,"projects":0}}},{"code":"RO-VS","name":"Vaslui","total":{"value":2415992654.46,"projects":94},"programs":{"PDD":{"value":1373626140.6099999,"projects":2},"PEO":{"value":21531693.420000002,"projects":8},"PIDS":{"value":73187063.769999996,"projects":18},"POCIDIF":{"value":0,"projects":0},"PS":{"value":0,"projects":0},"PT":{"value":192868433.80000001,"projects":1},"PTJ":{"value":0,"projects":0},"PR":{"value":754779322.86000001,"projects":65},"OTHER":{"value":0,"projects":0}}},{"code":"RO-VN","name":"Vrancea","total":{"value":1121804527.3299999,"projects":67},"programs":{"PDD":{"value":415424384.98000002,"projects":3},"PEO":{"value":9945796.8200000003,"projects":2},"PIDS":{"value":39640769.439999998,"projects":10},"POCIDIF":{"value":7958777.3600000003,"projects":1},"PS":{"value":27596221.920000002,"projects":4},"PT":{"value":0,"projects":0},"PTJ":{"value":0,"projects":0},"PR":{"value":621238576.80999994,"projects":47},"OTHER":{"value":0,"projects":0}}},{"code":"RO-VL","name":"Vâlcea","total":{"value":2612807382.8000002,"projects":211},"programs":{"PDD":{"value":128073186.5,"projects":5},"PEO":{"value":41776577.829999998,"projects":12},"PIDS":{"value":18901640.170000002,"projects":4},"POCIDIF":{"value":23043314.420000002,"projects":1},"PS":{"value":144584488.44,"projects":6},"PT":{"value":4686120.1399999997,"projects":1},"PTJ":{"value":0,"projects":0},"PR":{"value":2251742055.3000002,"projects":182},"OTHER":{"value":0,"projects":0}}},{"code":"RO-MULTI","name":"Multi județe","extras":{"multi_agg_by_county":{"BI":{"value":29276874488.970001,"projects":387},"IF":{"value":7891092397.04,"projects":207},"AB":{"value":2832644675.2399998,"projects":686},"AG":{"value":11336909289.219999,"projects":706},"AR":{"value":5472964790.8400002,"projects":480},"BC":{"value":5267385597.9099998,"projects":634},"BH":{"value":7776152378.1400003,"projects":604},"BN":{"value":4305783316.8900003,"projects":521},"BR":{"value":3933237842.0100002,"projects":535},"BT":{"value":1786279933.5,"projects":582},"BV":{"value":9916057290.2099991,"projects":718},"BZ":{"value":3439542142.4299998,"projects":533},"CJ":{"value":9291299615.3099995,"projects":685},"CL":{"value":3583246950.7600002,"projects":603},"CS":{"value":3229360709.0999999,"projects":474},"CT":{"value":8222695269.9399996,"projects":643},"CV":{"value":1967881039.72,"projects":573},"DB":{"value":5761313899.4899998,"projects":692},"DJ":{"value":10757509347.9,"projects":898},"GJ":{"value":5196459867.6700001,"projects":685},"GL":{"value":5277738798.6499996,"projects":662},"GR":{"value":5181183156.3100004,"projects":590},"HD":{"value":8005400914.75,"projects":653},"HR":{"value":2113174602.9200001,"projects":598},"IL":{"value":3930226231.4000001,"projects":593},"IS":{"value":9022707104.1399994,"projects":827},"MH":{"value":2217712366.1999998,"projects":574},"MM":{"value":6139380456.1800003,"projects":619},"MS":{"value":3291287415,"projects":660},"NT":{"value":2500197227.4699998,"projects":594},"OT":{"value":4004858249.96,"projects":619},"PH":{"value":7565508135.2600002,"projects":771},"SB":{"value":15034647310.41,"projects":660},"SJ":{"value":4674028342.5200005,"projects":507},"SM":{"value":2729174663.48,"projects":523},"SV":{"value":4159134205.5599999,"projects":708},"TL":{"value":2852848091.4400001,"projects":540},"TM":{"value":4922449113.6099997,"projects":554},"TR":{"value":3154963250.8499999,"projects":601},"VL":{"value":14243866080.940001,"projects":701},"VN":{"value":2127806874.21,"projects":556},"VS":{"value":3477896451.3699999,"projects":577}},"multi_agg_by_program":{"PEO":{"value":15760821481.299999,"projects":1686},"PIDS":{"value":20884904833.990002,"projects":544},"PT":{"value":78664814965.080002,"projects":114},"POCIDIF":{"value":6676990129.6800003,"projects":109},"PR":{"value":57698965404.150002,"projects":3304},"PS":{"value":18609314651.830002,"projects":269},"PDD":{"value":51759376821.120003,"projects":158},"PTJ":{"value":7815691597.7799997,"projects":498}}}}]