{"type":"Topology","objects":{"default":{"type":"GeometryCollection","geometries":[{"type":"Polygon","arcs":[[0]],"id":"RO.BI","properties":{"hc-group":"admin1","hc-key":"ro-bi","hc-a2":"BI","labelrank":"7","hasc":"RO.BI","alt-name":"Bucarest|Bucareste|Bucure?ti|Bukarest","woe-id":"2346624","subregion":null,"fips":"RO10","postal-code":"BI","name":"Bucharest","country":"Romania","type-en":"City","region":null,"longitude":"26.0999","woe-name":"Bucharest","latitude":"44.467","woe-label":"Bucuresti, RO, Romania","type":"Municipiu","hc-middle-lon":26.107,"hc-middle-lat":44.459}},{"type":"Polygon","arcs":[[1,2,3,4,5]],"id":"RO.CS","properties":{"hc-group":"admin1","hc-key":"ro-cs","hc-a2":"CS","labelrank":"6","hasc":"RO.CS","alt-name":"Cara?-Severin","woe-id":"2346626","subregion":null,"fips":"RO12","postal-code":"CS","name":"Caras-Severin","country":"Romania","type-en":"County","region":null,"longitude":"22.0247","woe-name":"Caras-Severin","latitude":"45.0625","woe-label":"Caras-Severin, RO, Romania","type":"Judet","hc-middle-lon":22.039,"hc-middle-lat":45.046}},{"type":"Polygon","arcs":[[-3,6,7,8]],"id":"RO.TM","properties":{"hc-group":"admin1","hc-key":"ro-tm","hc-a2":"TM","labelrank":"6","hasc":"RO.TM","alt-name":"Timi?","woe-id":"2346649","subregion":null,"fips":"RO36","postal-code":"TM","name":"Timis","country":"Romania","type-en":"County","region":null,"longitude":"21.393","woe-name":"Timis","latitude":"45.5963","woe-label":"Timis, RO, Romania","type":"Judet","hc-middle-lon":21.483,"hc-middle-lat":45.744}},{"type":"Polygon","arcs":[[9,10,11]],"id":"RO.BT","properties":{"hc-group":"admin1","hc-key":"ro-bt","hc-a2":"BT","labelrank":"7","hasc":"RO.BT","alt-name":"Boto?ani|Botoschani","woe-id":"2346621","subregion":null,"fips":"RO07","postal-code":"BT","name":"Botosani","country":"Romania","type-en":"County","region":null,"longitude":"26.7668","woe-name":"Botosani","latitude":"47.868","woe-label":"Botosani, RO, Romania","type":"Judet","hc-middle-lon":26.769,"hc-middle-lat":47.885}},{"type":"Polygon","arcs":[[12,13,14,15]],"id":"RO.BN","properties":{"hc-group":"admin1","hc-key":"ro-bn","hc-a2":"BN","labelrank":"6","hasc":"RO.BN","alt-name":"Bistri?a-N?s?ud|Bistritz","woe-id":"2346620","subregion":null,"fips":"RO06","postal-code":"BN","name":"Bistrita-Nasaud","country":"Romania","type-en":"County","region":null,"longitude":"24.5132","woe-name":"Bistrita-Nasaud","latitude":"47.1789","woe-label":"Bistrita-Nasaud, RO, Romania","type":"Judet","hc-middle-lon":24.509,"hc-middle-lat":47.179}},{"type":"Polygon","arcs":[[-13,16,17,18,19,20]],"id":"RO.CJ","properties":{"hc-group":"admin1","hc-key":"ro-cj","hc-a2":"CJ","labelrank":"7","hasc":"RO.CJ","alt-name":"Klausenburg","woe-id":"2346627","subregion":null,"fips":"RO13","postal-code":"CJ","name":"Cluj","country":"Romania","type-en":"County","region":null,"longitude":"23.5307","woe-name":"Cluj","latitude":"46.7479","woe-label":"Cluj, RO, Romania","type":"Judet","hc-middle-lon":23.661,"hc-middle-lat":46.79}},{"type":"Polygon","arcs":[[-18,21,22,23,24,25,26]],"id":"RO.AB","properties":{"hc-group":"admin1","hc-key":"ro-ab","hc-a2":"AB","labelrank":"7","hasc":"RO.AB","alt-name":null,"woe-id":"2346615","subregion":null,"fips":"RO01","postal-code":"AB","name":"Alba","country":"Romania","type-en":"County","region":null,"longitude":"23.5651","woe-name":"Alba","latitude":"46.1478","woe-label":"Alba, RO, Romania","type":"Judet","hc-middle-lon":23.588,"hc-middle-lat":46.136}},{"type":"Polygon","arcs":[[-4,-9,27,-25,28,29]],"id":"RO.HD","properties":{"hc-group":"admin1","hc-key":"ro-hd","hc-a2":"HD","labelrank":"6","hasc":"RO.HD","alt-name":null,"woe-id":"2346635","subregion":null,"fips":"RO21","postal-code":"HD","name":"Hunedoara","country":"Romania","type-en":"County","region":null,"longitude":"22.9774","woe-name":"Hunedoara","latitude":"45.7435","woe-label":"Hunedoara, RO, Romania","type":"Judet","hc-middle-lon":22.94,"hc-middle-lat":45.73}},{"type":"Polygon","arcs":[[-14,-21,30,31,32,33]],"id":"RO.MM","properties":{"hc-group":"admin1","hc-key":"ro-mm","hc-a2":"MM","labelrank":"6","hasc":"RO.MM","alt-name":"Maramure?","woe-id":"2346638","subregion":null,"fips":"RO25","postal-code":"MM","name":"Maramures","country":"Romania","type-en":"County","region":null,"longitude":"23.9992","woe-name":"Maramures","latitude":"47.6435","woe-label":"Maramures, RO, Romania","type":"Judet","hc-middle-lon":24.028,"hc-middle-lat":47.659}},{"type":"Polygon","arcs":[[-22,-17,-16,34,35,36,37]],"id":"RO.MS","properties":{"hc-group":"admin1","hc-key":"ro-ms","hc-a2":"MS","labelrank":"6","hasc":"RO.MS","alt-name":"Mure?","woe-id":"2346640","subregion":null,"fips":"RO27","postal-code":"MS","name":"Mures","country":"Romania","type-en":"County","region":null,"longitude":"24.6284","woe-name":"Mures","latitude":"46.5856","woe-label":"Mures, RO, Romania","type":"Judet","hc-middle-lon":24.618,"hc-middle-lat":46.576}},{"type":"Polygon","arcs":[[-20,38,39,-31]],"id":"RO.SJ","properties":{"hc-group":"admin1","hc-key":"ro-sj","hc-a2":"SJ","labelrank":"6","hasc":"RO.SJ","alt-name":"S?laj","woe-id":"2346644","subregion":null,"fips":"RO31","postal-code":"SJ","name":"Salaj","country":"Romania","type-en":"County","region":null,"longitude":"23.1615","woe-name":"Salaj","latitude":"47.1483","woe-label":"Salaj, RO, Romania","type":"Judet","hc-middle-lon":23.124,"hc-middle-lat":47.199}},{"type":"Polygon","arcs":[[-40,40,41,-32]],"id":"RO.SM","properties":{"hc-group":"admin1","hc-key":"ro-sm","hc-a2":"SM","labelrank":"7","hasc":"RO.SM","alt-name":null,"woe-id":"2346645","subregion":null,"fips":"RO32","postal-code":"SM","name":"Satu Mare","country":"Romania","type-en":"County","region":null,"longitude":"22.8986","woe-name":"Satu Mare","latitude":"47.6632","woe-label":"Satu Mare, RO, Romania","type":"Judet","hc-middle-lon":22.984,"hc-middle-lat":47.741}},{"type":"Polygon","arcs":[[42,43,44,45,46,47]],"id":"RO.AG","properties":{"hc-group":"admin1","hc-key":"ro-ag","hc-a2":"AG","labelrank":"6","hasc":"RO.AG","alt-name":"Arge?","woe-id":"2346617","subregion":null,"fips":"RO03","postal-code":"AG","name":"Arges","country":"Romania","type-en":"County","region":null,"longitude":"24.8859","woe-name":"Arges","latitude":"44.9867","woe-label":"Arges, RO, Romania","type":"Judet","hc-middle-lon":24.887,"hc-middle-lat":45.022}},{"type":"Polygon","arcs":[[-43,48,-23,-38,49]],"id":"RO.SB","properties":{"hc-group":"admin1","hc-key":"ro-sb","hc-a2":"SB","labelrank":"7","hasc":"RO.SB","alt-name":"Hermannstadt","woe-id":"2346646","subregion":null,"fips":"RO33","postal-code":"SB","name":"Sibiu","country":"Romania","type-en":"County","region":null,"longitude":"24.2957","woe-name":"Sibiu","latitude":"45.9038","woe-label":"Sibiu, RO, Romania","type":"Judet","hc-middle-lon":24.224,"hc-middle-lat":45.83}},{"type":"Polygon","arcs":[[-48,50,51,52,-29,-24,-49]],"id":"RO.VL","properties":{"hc-group":"admin1","hc-key":"ro-vl","hc-a2":"VL","labelrank":"6","hasc":"RO.VL","alt-name":null,"woe-id":"2346652","subregion":null,"fips":"RO39","postal-code":"VL","name":"Vâlcea","country":"Romania","type-en":"County","region":null,"longitude":"24.0601","woe-name":"Vâlcea","latitude":"45.0142","woe-label":"Valcea, RO, Romania","type":"Judet","hc-middle-lon":24.156,"hc-middle-lat":45.091}},{"type":"Polygon","arcs":[[-44,-50,-37,53,54,55,56,57]],"id":"RO.BV","properties":{"hc-group":"admin1","hc-key":"ro-bv","hc-a2":"BV","labelrank":"7","hasc":"RO.BV","alt-name":"Bra?ov|Kronstadt|Stalin","woe-id":"2346623","subregion":null,"fips":"RO09","postal-code":"BV","name":"Brasov","country":"Romania","type-en":"County","region":null,"longitude":"25.3749","woe-name":"Brasov","latitude":"45.7729","woe-label":"Brasov, RO, Romania","type":"Judet","hc-middle-lon":25.316,"hc-middle-lat":45.739}},{"type":"Polygon","arcs":[[-55,58,59,60,61]],"id":"RO.CV","properties":{"hc-group":"admin1","hc-key":"ro-cv","hc-a2":"CV","labelrank":"6","hasc":"RO.CV","alt-name":null,"woe-id":"2346629","subregion":null,"fips":"RO15","postal-code":"CV","name":"Covasna","country":"Romania","type-en":"County","region":null,"longitude":"25.9665","woe-name":"Covasna","latitude":"45.8885","woe-label":"Covasna, RO, Romania","type":"Judet","hc-middle-lon":25.962,"hc-middle-lat":45.921}},{"type":"Polygon","arcs":[[-59,-54,-36,62,63,64]],"id":"RO.HR","properties":{"hc-group":"admin1","hc-key":"ro-hr","hc-a2":"HR","labelrank":"6","hasc":"RO.HR","alt-name":null,"woe-id":"2346634","subregion":null,"fips":"RO20","postal-code":"HR","name":"Harghita","country":"Romania","type-en":"County","region":null,"longitude":"25.5853","woe-name":"Harghita","latitude":"46.6393","woe-label":"Harghita, RO, Romania","type":"Judet","hc-middle-lon":25.438,"hc-middle-lat":46.488}},{"type":"Polygon","arcs":[[-11,65,66,67,68]],"id":"RO.IS","properties":{"hc-group":"admin1","hc-key":"ro-is","hc-a2":"IS","labelrank":"7","hasc":"RO.IS","alt-name":"Ia?i|Jassy","woe-id":"2346637","subregion":null,"fips":"RO23","postal-code":"IS","name":"Iasi","country":"Romania","type-en":"County","region":null,"longitude":"27.3031","woe-name":"Iasi","latitude":"47.2053","woe-label":"Iasi, RO, Romania","type":"Judet","hc-middle-lon":27.241,"hc-middle-lat":47.227}},{"type":"Polygon","arcs":[[-68,69,70,-64,71]],"id":"RO.NT","properties":{"hc-group":"admin1","hc-key":"ro-nt","hc-a2":"NT","labelrank":"6","hasc":"RO.NT","alt-name":"Neam?","woe-id":"2346641","subregion":null,"fips":"RO28","postal-code":"NT","name":"Neamt","country":"Romania","type-en":"County","region":null,"longitude":"26.4554","woe-name":"Neamt","latitude":"46.9704","woe-label":"Neamt, RO, Romania","type":"Judet","hc-middle-lon":26.3,"hc-middle-lat":46.963}},{"type":"Polygon","arcs":[[-57,72,73,74,75]],"id":"RO.PH","properties":{"hc-group":"admin1","hc-key":"ro-ph","hc-a2":"PH","labelrank":"6","hasc":"RO.PH","alt-name":null,"woe-id":"2346643","subregion":null,"fips":"RO30","postal-code":"PH","name":"Prahova","country":"Romania","type-en":"County","region":null,"longitude":"26.0168","woe-name":"Prahova","latitude":"45.1133","woe-label":"Prahova, RO, Romania","type":"Judet","hc-middle-lon":25.962,"hc-middle-lat":45.124}},{"type":"Polygon","arcs":[[-69,-72,-63,-35,-15,-34,76,-12]],"id":"RO.SV","properties":{"hc-group":"admin1","hc-key":"ro-sv","hc-a2":"SV","labelrank":"7","hasc":"RO.SV","alt-name":null,"woe-id":"2346647","subregion":null,"fips":"RO34","postal-code":"SV","name":"Suceava","country":"Romania","type-en":"County","region":null,"longitude":"25.8089","woe-name":"Suceava","latitude":"47.2144","woe-label":"Suceava, RO, Romania","type":"Judet","hc-middle-lon":25.742,"hc-middle-lat":47.558}},{"type":"Polygon","arcs":[[-60,-65,-71,77,78]],"id":"RO.BC","properties":{"hc-group":"admin1","hc-key":"ro-bc","hc-a2":"BC","labelrank":"7","hasc":"RO.BC","alt-name":"Bac?u","woe-id":"2346618","subregion":null,"fips":"RO04","postal-code":"BC","name":"Bacau","country":"Romania","type-en":"County","region":null,"longitude":"26.7643","woe-name":"Bacau","latitude":"46.4067","woe-label":"Bacau, RO, Romania","type":"Judet","hc-middle-lon":26.813,"hc-middle-lat":46.41}},{"type":"Polygon","arcs":[[79,80,81,82,83,84]],"id":"RO.BR","properties":{"hc-group":"admin1","hc-key":"ro-br","hc-a2":"BR","labelrank":"7","hasc":"RO.BR","alt-name":"Br?ila","woe-id":"2346622","subregion":null,"fips":"RO08","postal-code":"BR","name":"Braila","country":"Romania","type-en":"County","region":null,"longitude":"27.6204","woe-name":"Braila","latitude":"45.1346","woe-label":"Braila, RO, Romania","type":"Judet","hc-middle-lon":27.643,"hc-middle-lat":45.114}},{"type":"Polygon","arcs":[[-80,85,-73,-56,-62,86]],"id":"RO.BZ","properties":{"hc-group":"admin1","hc-key":"ro-bz","hc-a2":"BZ","labelrank":"7","hasc":"RO.BZ","alt-name":"Buz?u","woe-id":"2346625","subregion":null,"fips":"RO11","postal-code":"BZ","name":"Buzau","country":"Romania","type-en":"County","region":null,"longitude":"26.7347","woe-name":"Buzau","latitude":"45.2071","woe-label":"Buzau, RO, Romania","type":"Judet","hc-middle-lon":26.736,"hc-middle-lat":45.261}},{"type":"Polygon","arcs":[[87,88,-82,89,90]],"id":"RO.GL","properties":{"hc-group":"admin1","hc-key":"ro-gl","hc-a2":"GL","labelrank":"7","hasc":"RO.GL","alt-name":"Gala?i|Galatz","woe-id":"2346632","subregion":null,"fips":"RO18","postal-code":"GL","name":"Galati","country":"Romania","type-en":"County","region":null,"longitude":"27.7329","woe-name":"Galati","latitude":"45.7861","woe-label":"Galati, RO, Romania","type":"Judet","hc-middle-lon":27.779,"hc-middle-lat":45.762}},{"type":"Polygon","arcs":[[91,-91,92,-78,-70,-67]],"id":"RO.VS","properties":{"hc-group":"admin1","hc-key":"ro-vs","hc-a2":"VS","labelrank":"7","hasc":"RO.VS","alt-name":null,"woe-id":"2346651","subregion":null,"fips":"RO38","postal-code":"VS","name":"Vaslui","country":"Romania","type-en":"County","region":null,"longitude":"27.7259","woe-name":"Vaslui","latitude":"46.5225","woe-label":"Vaslui, RO, Romania","type":"Judet","hc-middle-lon":27.8,"hc-middle-lat":46.603}},{"type":"Polygon","arcs":[[-93,-90,-81,-87,-61,-79]],"id":"RO.VN","properties":{"hc-group":"admin1","hc-key":"ro-vn","hc-a2":"VN","labelrank":"6","hasc":"RO.VN","alt-name":null,"woe-id":"2346653","subregion":null,"fips":"RO40","postal-code":"VN","name":"Vrancea","country":"Romania","type-en":"County","region":null,"longitude":"26.9802","woe-name":"Vrancea","latitude":"45.7963","woe-label":"Vrancea, RO, Romania","type":"Judet","hc-middle-lon":26.994,"hc-middle-lat":45.772}},{"type":"Polygon","arcs":[[-75,93,94,95,96],[-1]],"id":"RO.IF","properties":{"hc-group":"admin1","hc-key":"ro-if","hc-a2":"IF","labelrank":"7","hasc":"RO.IF","alt-name":null,"woe-id":"29281934","subregion":null,"fips":"RO43","postal-code":"IF","name":"Ilfov","country":"Romania","type-en":"County","region":null,"longitude":"26.2137","woe-name":"Ilfov","latitude":"44.6465","woe-label":"Ilfov, RO, Romania","type":"Judet","hc-middle-lon":26.241,"hc-middle-lat":44.607}},{"type":"Polygon","arcs":[[-83,-89,97,98]],"id":"RO.TL","properties":{"hc-group":"admin1","hc-key":"ro-tl","hc-a2":"TL","labelrank":"7","hasc":"RO.TL","alt-name":null,"woe-id":"2346650","subregion":null,"fips":"RO37","postal-code":"TL","name":"Tulcea","country":"Romania","type-en":"County","region":null,"longitude":"28.6227","woe-name":"Tulcea","latitude":"45.0257","woe-label":"Tulcea, RO, Romania","type":"Judet","hc-middle-lon":28.632,"hc-middle-lat":45.023}},{"type":"Polygon","arcs":[[99,100,101,-52,102]],"id":"RO.DJ","properties":{"hc-group":"admin1","hc-key":"ro-dj","hc-a2":"DJ","labelrank":"6","hasc":"RO.DJ","alt-name":null,"woe-id":"2346631","subregion":null,"fips":"RO17","postal-code":"DJ","name":"Dolj","country":"Romania","type-en":"County","region":null,"longitude":"23.5718","woe-name":"Dolj","latitude":"44.219","woe-label":"Dolj, RO, Romania","type":"Judet","hc-middle-lon":23.673,"hc-middle-lat":44.136}},{"type":"Polygon","arcs":[[-102,103,-5,-30,-53]],"id":"RO.GJ","properties":{"hc-group":"admin1","hc-key":"ro-gj","hc-a2":"GJ","labelrank":"6","hasc":"RO.GJ","alt-name":null,"woe-id":"2346633","subregion":null,"fips":"RO19","postal-code":"GJ","name":"Gorj","country":"Romania","type-en":"County","region":null,"longitude":"23.2029","woe-name":"Gorj","latitude":"44.9827","woe-label":"Gorj, RO, Romania","type":"Judet","hc-middle-lon":23.368,"hc-middle-lat":45.002}},{"type":"Polygon","arcs":[[-101,104,-6,-104]],"id":"RO.MH","properties":{"hc-group":"admin1","hc-key":"ro-mh","hc-a2":"MH","labelrank":"6","hasc":"RO.MH","alt-name":"Mehedin?i","woe-id":"2346639","subregion":null,"fips":"RO26","postal-code":"MH","name":"Mehedinti","country":"Romania","type-en":"County","region":null,"longitude":"22.9252","woe-name":"Mehedinti","latitude":"44.5837","woe-label":"Mehedinti, RO, Romania","type":"Judet","hc-middle-lon":22.897,"hc-middle-lat":44.519}},{"type":"Polygon","arcs":[[105,-103,-51,-47,106]],"id":"RO.OT","properties":{"hc-group":"admin1","hc-key":"ro-ot","hc-a2":"OT","labelrank":"6","hasc":"RO.OT","alt-name":null,"woe-id":"2346642","subregion":null,"fips":"RO29","postal-code":"OT","name":"Olt","country":"Romania","type-en":"County","region":null,"longitude":"24.3781","woe-name":"Olt","latitude":"44.3288","woe-label":"Olt, RO, Romania","type":"Judet","hc-middle-lon":24.505,"hc-middle-lat":44.346}},{"type":"Polygon","arcs":[[107,-107,-46,108,109]],"id":"RO.TR","properties":{"hc-group":"admin1","hc-key":"ro-tr","hc-a2":"TR","labelrank":"6","hasc":"RO.TR","alt-name":null,"woe-id":"2346648","subregion":null,"fips":"RO35","postal-code":"TR","name":"Teleorman","country":"Romania","type-en":"County","region":null,"longitude":"25.1818","woe-name":"Teleorman","latitude":"44.0831","woe-label":"Teleorman, RO, Romania","type":"Judet","hc-middle-lon":25.244,"hc-middle-lat":44.034}},{"type":"Polygon","arcs":[[110,111,-95,112,113]],"id":"RO.CL","properties":{"hc-group":"admin1","hc-key":"ro-cl","hc-a2":"CL","labelrank":"7","hasc":"RO.CL","alt-name":"C?l?ra?i|Kalarasch","woe-id":"2346654","subregion":null,"fips":"RO41","postal-code":"CL","name":"Calarasi","country":"Romania","type-en":"County","region":null,"longitude":"27.1514","woe-name":"Calarasi","latitude":"44.3144","woe-label":"Calarasi, RO, Romania","type":"Judet","hc-middle-lon":27.012,"hc-middle-lat":44.338}},{"type":"Polygon","arcs":[[-109,-45,-58,-76,-97,114]],"id":"RO.DB","properties":{"hc-group":"admin1","hc-key":"ro-db","hc-a2":"DB","labelrank":"6","hasc":"RO.DB","alt-name":"Dâmbovi?a","woe-id":"2346630","subregion":null,"fips":"RO16","postal-code":"DB","name":"Dâmbovita","country":"Romania","type-en":"County","region":null,"longitude":"25.596","woe-name":"Dâmbovita","latitude":"44.8486","woe-label":"Dambovita, RO, Romania","type":"Judet","hc-middle-lon":25.508,"hc-middle-lat":44.917}},{"type":"Polygon","arcs":[[-112,115,-110,-115,-96]],"id":"RO.GR","properties":{"hc-group":"admin1","hc-key":"ro-gr","hc-a2":"GR","labelrank":"7","hasc":"RO.GR","alt-name":null,"woe-id":"2346655","subregion":null,"fips":"RO42","postal-code":"GR","name":"Giurgiu","country":"Romania","type-en":"County","region":null,"longitude":"25.978","woe-name":"Giurgiu","latitude":"44.1133","woe-label":"Giurgiu, RO, Romania","type":"Judet","hc-middle-lon":26.019,"hc-middle-lat":44.119}},{"type":"Polygon","arcs":[[-113,-94,-74,-86,-85,116]],"id":"RO.IL","properties":{"hc-group":"admin1","hc-key":"ro-il","hc-a2":"IL","labelrank":"6","hasc":"RO.IL","alt-name":"Ialomi?a","woe-id":"2346636","subregion":null,"fips":"RO22","postal-code":"IL","name":"Ialomita","country":"Romania","type-en":"County","region":null,"longitude":"27.1899","woe-name":"Ialomita","latitude":"44.6345","woe-label":"Ialomita, RO, Romania","type":"Judet","hc-middle-lon":27.081,"hc-middle-lat":44.658}},{"type":"Polygon","arcs":[[117,-114,-117,-84,-99]],"id":"RO.CT","properties":{"hc-group":"admin1","hc-key":"ro-ct","hc-a2":"CT","labelrank":"7","hasc":"RO.CT","alt-name":"Constan?a|Konstanza","woe-id":"2346628","subregion":null,"fips":"RO14","postal-code":"CT","name":"Constanta","country":"Romania","type-en":"County","region":null,"longitude":"28.4763","woe-name":"Constanta","latitude":"44.5099","woe-label":"Constanta, RO, Romania","type":"Judet","hc-middle-lon":28.336,"hc-middle-lat":44.206}},{"type":"Polygon","arcs":[[118,119,-26,-28,-8]],"id":"RO.AR","properties":{"hc-group":"admin1","hc-key":"ro-ar","hc-a2":"AR","labelrank":"7","hasc":"RO.AR","alt-name":null,"woe-id":"2346616","subregion":null,"fips":"RO02","postal-code":"AR","name":"Arad","country":"Romania","type-en":"County","region":null,"longitude":"21.7296","woe-name":"Arad","latitude":"46.3019","woe-label":"Arad, RO, Romania","type":"Judet","hc-middle-lon":21.81,"hc-middle-lat":46.26}},{"type":"Polygon","arcs":[[-120,120,-41,-39,-19,-27]],"id":"RO.BH","properties":{"hc-group":"admin1","hc-key":"ro-bh","hc-a2":"BH","labelrank":"6","hasc":"RO.BH","alt-name":null,"woe-id":"2346619","subregion":null,"fips":"RO05","postal-code":"BH","name":"Bihor","country":"Romania","type-en":"County","region":null,"longitude":"22.1155","woe-name":"Bihor","latitude":"47.0865","woe-label":"Bihor, RO, Romania","type":"Judet","hc-middle-lon":22.18,"hc-middle-lat":47.009}}],"hc-recommended-transform":{"default":{"crs":"+proj=utm +zone=35 +datum=WGS84 +units=m +no_defs","scale":0.000953259694037,"jsonres":15.5,"jsonmarginX":-999,"jsonmarginY":9851,"xoffset":-22156.2916298,"yoffset":5346832.49008}}}},"arcs":[[[6310,1696],[-16,-68],[-50,22],[-8,-32],[33,-119],[-28,-36],[-51,96],[-59,20],[-69,110],[-1,68],[71,9],[-1,69],[-55,36],[51,129],[71,39],[9,-146],[82,-29],[-25,-110],[46,-58]],[[1894,2046],[-32,120],[-157,101],[-104,-45],[-107,22],[-38,56],[-25,113],[-40,34],[-155,7],[-73,102],[28,71],[162,35],[18,60],[-24,54],[-114,53],[-26,62],[-33,6],[11,58],[62,32],[22,133],[54,57],[-10,72]],[[1313,3249],[50,92],[-2,121],[25,63],[-12,94],[-66,92],[-11,53],[17,127],[73,80],[40,135],[81,33],[150,-78],[87,66],[26,-4],[40,-95],[76,-7],[10,128],[84,15],[53,60],[103,-37],[36,94],[39,40],[117,32]],[[2329,4353],[40,-111],[57,-31],[6,-59],[35,-7],[81,-101],[27,-60],[21,-172],[-24,-84],[34,-112],[-40,-177]],[[2566,3439],[-102,-150],[-8,-69],[73,-25],[7,-76]],[[2536,3119],[-79,-148],[-35,-194],[-44,-108],[-53,-249],[-57,-34],[-36,53],[-45,0],[-51,65],[-44,-3],[-16,-98],[-43,-127],[4,-202],[-20,-25],[-123,-3]],[[1313,3249],[-84,101],[-112,52],[-44,2],[-54,47],[-71,125],[-51,-33],[-116,95],[-125,187],[-50,96],[-59,66],[42,79],[-48,162],[27,143],[6,176],[-22,30],[-54,-72],[-61,95],[-28,121],[-60,118],[-97,53],[-151,175],[-35,130],[-66,118],[43,78],[170,6],[26,59],[85,-38],[61,-58],[81,33],[22,51]],[[488,5446],[166,-158],[62,-126],[173,-58],[14,-66],[48,-6],[13,71],[43,19],[12,-54],[61,-54],[70,41],[40,-32],[52,66],[14,66],[65,5],[46,-89],[51,-7],[59,-93],[-6,-44],[38,-58],[70,104],[89,-94],[2,74],[70,-11],[25,91],[46,10],[48,-51],[61,-13],[77,-102],[103,-27],[99,63],[34,60]],[[2233,4973],[37,-55],[24,-133],[39,-55],[56,-138],[41,-27],[-63,-90],[-38,-122]],[[6196,9359],[75,32],[33,96],[54,76],[33,112],[18,190],[149,33],[151,48],[83,53],[82,-40],[64,5],[99,-106],[10,-53],[32,44],[27,-64],[37,-19],[-34,-50],[86,-45],[-14,-45],[26,-95],[54,-52],[63,-130],[-9,-112],[54,-69],[0,-91],[43,-43],[-35,-31],[72,-132],[8,-74],[-24,-8],[33,-104],[69,-125],[65,-79]],[[7600,8481],[-58,-37],[-73,5],[-79,-143],[-43,4],[-105,55],[-22,-44],[22,-95],[-55,-43],[-88,92],[-177,0],[-48,34],[-90,-143]],[[6784,8166],[-44,9],[-52,81],[-6,131],[-37,185],[-118,199],[-140,259],[-150,152],[-23,46],[-18,131]],[[4181,6777],[30,94],[14,155],[-26,59],[-57,62],[1,71],[-27,33],[10,114],[-19,57],[-89,85],[-60,23],[-37,77],[-15,169],[65,107],[9,63]],[[3980,7946],[42,55],[64,131],[14,89],[111,46],[75,139],[92,54],[198,-65],[199,9],[119,100],[89,-1]],[[4983,8503],[96,-114],[47,-126],[-57,-89],[13,-65],[-48,-45],[56,-163],[-29,-100],[50,-64],[-15,-120],[7,-150]],[[5103,7467],[-82,-46],[-98,-33],[-87,-97],[-55,-141],[-43,-143],[-92,53],[-80,-84],[-54,-137],[-13,-85],[-121,-58],[-110,23],[-87,58]],[[4181,6777],[-33,-4],[-60,-143],[18,-96],[-16,-73],[-69,-43],[-24,-102],[10,-78],[-64,-100],[25,-84]],[[3968,6054],[-40,-29],[-87,34],[-102,-14],[-111,-37],[-5,-61],[-54,30],[13,97],[-19,36],[-77,3],[-144,108],[-106,-28],[-59,-64],[-109,16],[-79,-77],[-15,68],[-48,80],[-38,24],[-150,5],[-31,41]],[[2707,6286],[5,135],[-46,81],[-46,177],[-55,80],[-1,36],[66,67],[38,132],[-82,77],[33,128]],[[2619,7199],[138,-10],[41,-26],[48,-132],[81,-49],[93,-15],[112,13],[5,69],[34,58],[38,-71],[83,-16],[-15,136],[50,3],[21,50],[66,11],[15,34],[-31,103],[32,55],[24,106],[86,55],[33,-7],[42,88],[159,81],[18,160],[-18,33]],[[3774,7928],[31,36],[175,-18]],[[3968,6054],[33,-4],[34,-60],[-34,-111],[42,-61],[81,-60],[19,-101],[33,-48]],[[4176,5609],[0,-182],[-160,-225],[-37,-116],[-69,58],[-72,-23],[-21,-33],[15,-97],[-48,-85],[-128,3],[5,-71],[62,-70],[-65,-140],[-50,-9],[-21,-52],[-27,-149],[23,-163],[-19,-136],[42,-160],[-29,-63]],[[3577,3896],[-44,-9]],[[3533,3887],[-11,122],[-93,130],[-66,56],[-24,64],[4,89],[-26,58],[-17,153],[-51,256],[-54,113],[-41,153],[-58,36],[-102,190],[22,75],[-44,125],[-92,49],[-34,157],[-32,54],[-96,-14],[-62,50]],[[2656,5803],[-51,76]],[[2605,5879],[-19,115],[-2,133],[17,105],[39,73],[67,-19]],[[2233,4973],[49,90],[19,73],[-12,100],[23,93],[5,133],[38,77],[34,16],[104,-18],[42,46],[53,147],[68,73]],[[3533,3887],[17,-143],[-15,-62]],[[3535,3682],[-165,-105],[-77,38],[-119,-58],[-58,-50],[-105,16],[-68,-43],[-98,38],[-55,40],[-224,-119]],[[3774,7928],[-53,-24],[-136,134],[-162,-10],[-248,117],[-111,0],[-53,-27]],[[3011,8118],[-98,26],[-31,61],[66,76],[29,100],[62,109],[28,2],[78,-91],[53,6],[59,103],[38,123],[2,55],[-36,46],[-72,28],[-21,43],[34,59],[76,-1],[75,-35],[69,23],[149,158],[10,47],[-85,110],[-50,97],[-17,88]],[[3429,9351],[31,53],[51,15],[156,-45],[74,6],[101,-116],[106,60],[125,-53],[38,-50],[106,-37],[70,48],[53,3],[85,68],[142,-25],[92,-99],[13,-89],[54,-61],[86,-45],[88,-186],[69,-7]],[[4969,8791],[39,-115],[45,-65],[-7,-78],[-63,-30]],[[5103,7467],[95,-26],[48,-32]],[[5246,7409],[7,-82],[49,-96],[14,-190],[-16,-147],[36,-173],[-18,-218],[-61,-78],[-38,-81],[-90,-77],[-63,-92],[-17,-124],[-82,-72],[28,-95],[-93,-73],[-2,-45],[83,-146],[40,-34],[67,-7],[56,-61],[82,-126]],[[5228,5392],[-149,-24],[-54,-45],[-14,-103]],[[5011,5220],[-92,79],[-106,-13],[-78,-31],[-33,43],[-17,104],[-11,202],[15,46],[-97,3],[-76,-50],[-75,7],[-70,-26],[-78,37],[-117,-12]],[[2619,7199],[-59,101],[-77,70],[-89,219],[-13,74],[45,83],[46,193]],[[2472,7939],[45,50],[139,94],[49,10],[117,-45],[55,-61],[93,-59],[56,84],[-15,106]],[[2472,7939],[-28,118],[-86,79],[-47,-28],[-72,3],[-100,236],[-43,45],[-61,138]],[[2035,8530],[39,155],[61,107],[63,43],[91,16],[17,85],[32,11],[115,-66],[79,31],[58,85],[57,31],[7,78],[87,89],[45,96],[40,27],[0,73],[25,27],[86,-45],[45,49],[59,182],[45,10],[74,-36],[136,-187],[133,-40]],[[4530,4135],[192,79]],[[4722,4214],[67,9],[70,-87],[58,32],[96,6],[118,-22],[132,-145],[59,-188],[35,-59]],[[5357,3760],[26,-85],[-42,-175],[-25,-166],[-27,-48],[-53,52],[-27,-68],[5,-155],[48,-92],[17,-89],[-41,-90],[20,-228],[-8,-177],[-24,-134],[36,-55],[-30,-78],[67,-140],[62,-36],[-22,-110],[11,-83],[-25,-101]],[[5325,1702],[-94,36],[-48,-14],[-46,-53],[-84,-13],[-43,-56],[-92,15],[-45,-17]],[[4873,1600],[-91,58],[-23,199],[7,80],[-27,228],[-34,97],[26,99],[-68,4],[-33,54],[-55,171],[-6,95],[-96,-150],[-37,59]],[[4436,2594],[78,140],[-24,82],[19,194],[32,203],[-8,84],[-38,117],[-2,192],[24,95],[-22,136],[48,228],[-13,70]],[[4530,4135],[-217,1],[-162,-55],[-106,-88],[-114,34],[-176,-10],[-156,-123],[-22,2]],[[5011,5220],[-86,-118],[-58,-46],[-5,-90],[-32,6],[-95,-78],[21,-216],[-75,-43],[-21,-59],[33,-99],[29,-263]],[[4436,2594],[1,102],[-33,37],[-57,-116],[-19,-128],[-53,-120],[50,-352],[-16,-20],[-26,96],[-82,-116],[-70,4],[-79,-105],[-58,72],[-66,-46]],[[3928,1902],[-59,117],[-22,107],[-90,91],[-22,103]],[[3735,2320],[19,239],[-15,248],[49,289],[-4,102],[23,130],[-24,129],[16,126],[-49,67],[-65,-11],[-150,43]],[[5228,5392],[115,51],[36,-6],[103,-80],[28,-46]],[[5510,5311],[6,-73],[49,-64],[52,6],[17,-52],[-14,-73],[-4,-255],[14,-62],[107,-121],[3,-72],[102,30],[36,-51],[98,-53],[58,-72],[32,-85],[73,-67],[55,-107]],[[6194,4140],[-58,-177]],[[6136,3963],[-106,60],[-45,-21],[-43,-127],[-42,8],[-34,60],[-42,-17],[-130,42],[-179,-47],[-31,-23]],[[5484,3898],[-63,-115],[-64,-23]],[[5510,5311],[46,129],[75,106],[38,78],[78,86],[77,-79],[48,-169],[107,-130],[100,-11],[274,86]],[[6353,5407],[78,63],[80,-76],[1,-109],[41,-42],[47,-115]],[[6600,5128],[-68,-154],[-17,-71],[-25,-248]],[[6490,4655],[15,-114],[-70,-286],[-47,-32],[-53,48],[-48,-110],[-93,-21]],[[5246,7409],[82,-14],[32,115],[64,37],[36,-12],[187,-189],[93,24]],[[5740,7370],[69,-42],[58,-157],[78,-116],[1,-63],[-37,3],[-16,-55],[12,-358],[65,-128],[27,2],[-8,84],[21,16],[87,-30]],[[6097,6526],[3,-162],[18,-97],[43,-132],[-39,-42],[-15,-88],[21,-51],[100,-27],[31,-38],[-3,-132],[24,-14],[69,44],[48,-15],[-13,-200],[-31,-165]],[[7600,8481],[45,-174],[95,-51],[21,-38],[-22,-74],[11,-89],[29,-31],[40,-117],[90,-50],[69,-171],[20,-129],[39,-65],[100,-117],[0,-30],[74,-45],[20,14],[58,-132],[21,-78],[22,-201]],[[8332,6903],[-110,-51],[-31,30],[-36,-34],[-142,80],[17,79],[-25,61],[-41,-76],[-69,116],[-89,80],[-5,-140],[49,-12],[-41,-55],[-73,22],[-31,-62],[-57,-20],[-65,27],[-100,-20],[-122,12]],[[7361,6940],[-64,162],[21,63],[80,61],[-97,180],[-55,-14],[-60,-81],[-69,19],[-49,-74],[-58,12],[-90,89],[-70,43],[-77,9],[-49,173],[-54,111],[-73,99]],[[6597,7792],[81,26],[15,43],[-65,84],[11,63],[110,-19],[32,18],[18,129],[-15,30]],[[7361,6940],[30,-159],[-8,-93]],[[7383,6688],[-42,-30],[-126,49],[-100,-17],[-43,65],[0,45],[-45,34],[-6,-65],[-34,-48],[1,-53],[-51,-41],[-74,57],[-51,-58],[-65,-39],[-45,-64],[-135,-1],[-49,-67],[-102,-4],[-37,134],[-48,7],[-65,-67],[-61,-17],[-70,33],[-38,-15]],[[5740,7370],[26,140],[47,79],[57,59],[27,82],[-51,95],[24,20],[89,-97],[109,53],[61,-27],[75,20],[119,-1],[137,85],[85,-10],[52,-76]],[[6136,3963],[136,-208],[41,-147],[-5,-76],[41,-67],[15,-73],[76,-12],[48,-63],[40,32],[-1,-80],[56,-95],[22,-201],[56,-34],[37,-68],[-36,-93],[4,-39],[60,-112]],[[6726,2627],[-40,-83],[-48,-41],[-72,2],[-32,-47],[-73,19],[-89,-77]],[[6372,2400],[-112,18],[-64,-31],[-64,-1],[-14,-33]],[[6118,2353],[-47,38],[-72,129],[-85,35],[-20,33],[-3,162],[-34,58],[-40,-11],[-52,81],[-14,145],[-58,118],[-58,163],[-49,99],[1,89],[-33,94],[-31,34],[-39,278]],[[4969,8791],[79,20],[66,39],[45,60],[103,233],[45,44],[518,78],[176,72],[50,-7],[67,28],[78,1]],[[7383,6688],[84,-120],[33,-70],[1,-152],[110,-272],[40,-133],[36,-235],[7,-273]],[[7694,5433],[-79,19],[-53,-39],[-45,40],[-126,-19],[-141,-181],[-86,30],[-39,-67],[-227,40],[-101,-8],[-30,-24],[-13,-100],[-32,-23],[-122,27]],[[7357,2528],[3,116],[-27,99],[64,42],[34,219],[-57,41],[-12,105],[-44,56],[-21,120],[-30,-57],[-39,-5],[-15,91],[24,37],[84,41],[146,-7],[5,112],[82,48],[38,169]],[[7592,3755],[63,153],[103,78]],[[7758,3986],[60,-38],[70,3],[65,-95],[59,-45],[106,-6],[116,-31]],[[8234,3774],[-9,-102],[-37,-121],[94,-95],[36,21],[22,-43],[-35,-117],[59,-49],[26,-58],[-49,-98],[12,-113],[-12,-40],[10,-126],[-18,-33],[1,-115],[-48,-111],[-26,-137]],[[8260,2437],[-63,-35],[-89,32]],[[8108,2434],[-59,77],[-72,-1],[-107,-52],[-289,12],[-56,31],[-81,-24],[-87,51]],[[7357,2528],[-28,-39],[31,-44],[-83,-44],[-21,100],[-73,33],[-38,-42],[-106,52],[-53,-10],[-87,28],[-114,3],[-59,62]],[[6490,4655],[46,-64],[114,-265],[39,-56],[106,-7],[90,-125],[82,-76],[66,-21],[13,57],[73,-25],[32,-112],[61,-68],[78,37],[10,-80],[57,46],[79,-36],[34,-83],[122,-22]],[[8316,5290],[-23,-208],[41,-177],[6,-102],[-18,-99],[44,-137],[13,-281],[-49,-9],[-62,-74],[83,-73],[26,-69],[0,-72],[52,-96]],[[8429,3893],[-25,-72],[-70,24],[-86,-37],[-14,-34]],[[7758,3986],[-39,69],[-31,185],[-60,131],[-76,102],[-133,484],[2,152],[93,131],[84,19],[50,68],[61,6]],[[7709,5333],[49,-108],[23,-117],[33,-25],[12,133],[-31,98],[17,43],[182,-31],[34,-68],[45,70],[42,24],[162,-77],[39,15]],[[8332,6903],[59,-182],[-1,-39],[59,-169],[14,-119],[-22,-81],[-8,-142],[29,-61],[0,-103],[-61,-183],[-11,-122],[-45,-39],[-27,-75],[37,-110],[-39,-188]],[[7709,5333],[-15,100]],[[6372,2400],[79,-35],[16,-127],[76,-73],[1,-60],[-42,-42],[-26,-85],[71,-90]],[[6547,1888],[-24,-59],[51,-61],[-23,-54],[-102,-89],[-54,-115],[-11,-59]],[[6384,1451],[-97,-129],[-61,5],[-114,132],[-36,10],[-89,87],[-17,68],[9,98],[36,175],[-26,84]],[[5989,1981],[75,115],[10,57],[-35,19],[40,121],[39,60]],[[8429,3893],[55,-21],[68,-255],[78,-60],[95,-35],[87,-66],[141,-46],[72,10],[25,28],[-37,29],[24,137],[28,10],[121,-102],[38,89],[55,24],[54,64],[111,61],[57,76],[57,-4],[42,47],[114,-30],[148,-76],[85,-105],[23,-158],[-14,-123],[-37,0],[46,-113],[34,-5],[-37,-97],[-9,-190],[-19,-98],[-8,-164],[-27,-61],[14,-40],[-59,-88],[-55,0],[-205,-46],[-132,-14],[-38,-18],[-106,-107],[-58,-99],[-27,121],[130,65],[49,111],[-51,105],[8,-75],[-46,-17],[-17,72],[8,171],[50,26],[3,51],[-60,52],[-77,13],[-13,-49],[-46,-17],[-50,-79],[-6,-113],[94,-140],[-28,-93],[22,-40],[-71,-18],[-75,-64],[-24,-102]],[[9033,2227],[-121,66],[-69,-31],[-84,0],[-76,46],[-54,94],[-60,0],[-23,-93],[-45,-16],[-92,125],[-53,31],[-96,-12]],[[4131,227],[-370,138],[-84,58],[-89,-29],[-46,12],[-115,93],[-168,13],[-96,-20],[-108,-64],[-225,-29],[-59,46],[-14,89],[38,211],[144,81],[19,66],[-34,83]],[[2924,975],[88,132],[51,20],[-8,140],[53,252],[56,47],[41,0],[-60,53],[2,114],[45,34],[51,93],[-6,28],[67,7],[129,52]],[[3433,1947],[97,101],[164,70],[-1,216],[42,-14]],[[3928,1902],[-55,-138],[56,-68],[47,-90],[37,-19],[88,-160],[40,-98],[96,-97],[6,-183],[21,-58],[-63,-24],[-11,-110],[86,-63],[2,-77],[-30,-27],[12,-106],[-13,-59],[-59,-116],[-57,-182]],[[3433,1947],[-28,76],[-60,84],[-93,87],[-183,75],[-44,39],[-82,112],[-94,157],[-27,191],[6,93],[-76,106],[-44,27],[-85,11],[-45,86],[-42,28]],[[2924,975],[-107,47],[-229,229],[-9,166],[-105,49],[-35,45],[-47,120],[-4,81],[-26,49],[8,77],[77,47],[9,73],[59,29],[83,-59],[45,22],[24,68],[-68,102],[-84,15],[-72,69],[-73,118],[-62,22],[-47,-73],[-65,-32],[-142,-369],[-39,-29],[-47,18],[-74,187]],[[4672,229],[-170,94],[-73,-11],[-78,-73],[-220,-12]],[[4873,1600],[-15,-106],[12,-197],[-15,-122],[7,-167],[-69,-50],[-44,-64],[-81,-40],[-28,-116],[71,-237],[45,-111],[4,-50],[-88,-111]],[[5805,149],[-65,-3],[-58,-64],[-63,-38],[-94,-5],[-69,-39],[-45,9],[-114,109],[-181,31],[-124,66],[-224,-23],[-96,37]],[[5325,1702],[73,26],[48,102],[3,68],[124,-48]],[[5573,1850],[25,-58],[-46,-156],[60,-167],[108,-25],[60,-77],[10,-58],[0,-207],[-40,-22],[-41,-163],[7,-187],[27,-224],[44,-135],[18,-222]],[[7412,1020],[-161,49],[-77,71],[-28,-26],[-124,-19],[-100,-87],[-85,-18],[-100,-49],[-210,-47]],[[6527,894],[10,81],[30,63],[6,119],[-47,127],[-94,84],[-48,83]],[[6547,1888],[83,65],[109,-59],[105,75],[72,-74],[59,5],[63,-38],[107,7],[77,-48],[119,8],[188,-5],[108,28],[147,-41],[104,-50],[82,-101],[96,-59],[160,-77]],[[8226,1524],[-31,-109],[-62,-83],[-154,-57],[-60,-65],[-131,-9],[-97,-70],[-76,-84],[-161,38],[-42,-65]],[[5989,1981],[-326,-28],[-50,-29],[-40,-74]],[[6527,894],[-111,-23],[-84,-54],[-86,-33],[-75,-93],[-26,-76],[-127,-138],[-69,-150],[-67,-81],[-26,-69],[-51,-28]],[[8108,2434],[-36,-68],[42,-107],[64,-33],[61,-105],[-16,-234],[70,-39],[24,-102],[-11,-59],[-53,-68],[-27,-95]],[[9033,2227],[7,-76],[81,36],[45,75],[-15,44],[74,-33],[21,-56],[-67,15],[-74,-103],[-84,-73],[21,72],[-43,-43],[36,-59],[-58,-41],[43,-34],[-30,-143],[14,-45],[21,92],[81,130],[58,35],[-70,-195],[-49,-57],[-96,-186],[-14,-76],[-56,-38],[-10,-140],[36,-140],[0,-52],[-36,-45],[43,-326],[-36,-184],[-29,-95],[-27,-160],[-6,-128],[-153,-14],[-225,58],[-218,148],[-36,41],[-48,249],[-25,62],[-59,-9],[-73,-61],[-69,-26],[-70,162],[-85,-16],[-202,-2],[-45,82],[-59,42],[-35,106]],[[488,5446],[43,68],[-6,81],[41,48],[65,25],[129,-49],[39,7],[37,-44],[69,97],[38,5],[32,85],[4,97],[29,77],[89,39],[-38,131],[50,151],[26,150],[84,22],[30,69]],[[1249,6505],[72,-29],[352,29],[162,-97],[94,-6],[83,-60],[68,-191],[114,-103],[79,-44],[30,-79],[208,-45],[94,-1]],[[1249,6505],[63,57],[22,83],[-36,43],[34,135],[95,119],[2,107],[57,72],[21,106],[-38,66],[65,100],[81,97],[10,58],[49,96],[-3,65],[41,177],[79,130],[47,20],[21,60],[-12,213],[51,101],[137,120]]],"bbox":[20.242827765387105,43.64989552157399,29.69954240355209,48.274213000385934],"transform":{"scale":[0.0009457660404205406,0.00046247799568076265],"translate":[20.242827765387105,43.64989552157399]},"title":"Romania","version":"2.3.1","copyright":"Copyright (c) 2025 Highsoft AS, Based on data from Natural Earth","copyrightShort":"Natural Earth","copyrightUrl":"http://www.naturalearthdata.com"}