{
  "counties": {
    "ALBA": [
      "Com. Berghin.",
      "Com. Livezile.",
      "Com. Lupşa.",
      "Com. Meteş.",
      "Com. Mihalţ.",
      "Com. Rimetea.",
      "Com. Stremţ.",
      "Com. Săsciori.",
      "MRJ. Alba Iulia.",
      "Mun. Aiud.",
      "Mun. Blaj.",
      "Mun. Sebeş.",
      "Orş. Abrud.",
      "Orş. Baia de Arieş.",
      "Orş. Cugir.",
      "Orş. Câmpeni.",
      "Orş. Ocna Mureş.",
      "Orş. Zlatna.",
      "Sat Bucerdea Grânoasă, Com. Bucerdea Grânoasă",
      "Sat Cenade, Com. Cenade",
      "Sat Cergău Mare, Com. Cergău",
      "Sat Cetatea de Balta, Com. Cetatea de Balta",
      "Sat Ciugud, Com. Ciugud",
      "Sat Ciuruleasa, Com. Ciuruleasa",
      "Sat Câlnic, Com. Câlnic",
      "Sat Daia Română, Com. Daia Română",
      "Sat Jidvei, Com. Jidvei",
      "Sat Lopadea Nouă, Com. Lopadea Nouă",
      "Sat Lunca Mureşului, Com. Lunca Mureşului",
      "Sat Noşlac, Com. Noşlac",
      "Sat Ocoliş, Com. Ocoliş",
      "Sat Roşia Montană, Com. Roşia Montană",
      "Sat Sâncel, Com. Sâncel",
      "Sat Sântimbru, Com. Sântimbru",
      "Sat Săliştea, Com. Săliştea",
      "Sat Unirea, Com. Unirea",
      "Sat Valea Lungă, Com. Valea Lungă",
      "Sat Şona, Com. Şona",
      "Sat Şpring, Com. Şpring"
    ],
    "ARAD": [
      "Com. Târnova.",
      "MRJ. Arad.",
      "Orş. Chişineu-Criş.",
      "Orş. Curtici.",
      "Orş. Ineu.",
      "Orş. Nădlac.",
      "Orş. Pecica.",
      "Orş. Sântana.",
      "Sat Bocsig, Com. Bocsig",
      "Sat Bârsa, Com. Bârsa",
      "Sat Conop, Com. Conop",
      "Sat Dezna, Com. Dezna",
      "Sat Felnac, Com. Felnac",
      "Sat Gurahonţ, Com. Gurahonţ",
      "Sat Hăşmaş, Com. Hăşmaş",
      "Sat Macea, Com. Macea",
      "Sat Mişca, Com. Mişca",
      "Sat Olari, Com. Olari",
      "Sat Secusigiu, Com. Secusigiu",
      "Sat Seleuş, Com. Seleuş",
      "Sat Sintea Mare, Com. Sintea Mare",
      "Sat Sântana, Orş. Sântana",
      "Sat Târnova, Com. Târnova",
      "Sat Ususău, Com. Ususău",
      "Sat Vinga, Com. Vinga",
      "Sat Vladimirescu, Com. Vladimirescu",
      "Sat Vărădia de Mureş, Com. Vărădia de Mureş",
      "Sat Zerind, Com. Zerind",
      "Sat Zădăreni, Com. Zădăreni",
      "Sat Şagu, Com. Şagu",
      "Sat Şimand, Com. Şimand",
      "Sat Şiria, Com. Şiria"
    ],
    "ARGEŞ": [
      "Com. Albeştii de Argeş.",
      "Com. Albeştii de Muşcel.",
      "Com. Albota.",
      "Com. Bradu.",
      "Com. Bughea de Jos.",
      "Com. Bughea de Sus.",
      "Com. Buzoeşti.",
      "Com. Cicăneşti.",
      "Com. Coşeşti.",
      "Com. Căldăraru.",
      "Com. Căteasca.",
      "Com. Davideşti.",
      "Com. Hârseşti.",
      "Com. Lunca Corbului.",
      "Com. Miroşi.",
      "Com. Muşăteşti.",
      "Com. Pietroşani.",
      "Com. Priboieni.",
      "Com. Recea.",
      "Com. Rociu.",
      "Com. Slobozia.",
      "Com. Stâlpeni.",
      "Com. Sălătrucu.",
      "Com. Ungheni.",
      "Com. Valea Iaşului.",
      "Com. Vedea.",
      "Com. Şuici.",
      "MRJ. Piteşti.",
      "Mun. Câmpulung.",
      "Orş. Costeşti.",
      "Orş. Mioveni.",
      "Orş. Topoloveni.",
      "Sat Aninoasa, Com. Aninoasa",
      "Sat Budeasa Mare, Com. Budeasa",
      "Sat Bughea de Jos, Com. Bughea de Jos",
      "Sat Bughea de Sus, Com. Bughea de Sus",
      "Sat Băbana, Com. Băbana",
      "Sat Cetăţeni, Com. Cetăţeni",
      "Sat Corbi, Com. Corbi",
      "Sat Cotmeana, Com. Cotmeana",
      "Sat Drăganu-Olteni, Com. Drăganu",
      "Sat Gorganu, Com. Călineşti",
      "Sat Moşoaia, Com. Moşoaia",
      "Sat Oarja, Com. Oarja",
      "Sat Râca, Com. Râca",
      "Sat Schitu Goleşti, Com. Schitu Goleşti",
      "Sat Tigveni, Com. Tigveni",
      "Sat Ştefăneşti, Orş. Ştefăneşti"
    ],
    "BACĂU": [
      "Com. Ardeoani.",
      "Com. Balcani.",
      "Com. Bereşti-Tazlău.",
      "Com. Cleja.",
      "Com. Coţofăneşti.",
      "Com. Filipeni.",
      "Com. Filipeşti.",
      "Com. Ghimeş-Făget.",
      "Com. Gioseni.",
      "Com. Gura Văii.",
      "Com. Găiceana.",
      "Com. Helegiu.",
      "Com. Horgeşti.",
      "Com. Izvoru Berheciului.",
      "Com. Motoşeni.",
      "Com. Mănăstirea Caşin.",
      "Com. Negri.",
      "Com. Palanca.",
      "Com. Parincea.",
      "Com. Plopana.",
      "Com. Podu Turcului.",
      "Com. Pânceşti.",
      "Com. Pârgareşti.",
      "Com. Pârjol.",
      "Com. Sascut.",
      "Com. Scorţeni.",
      "Com. Strugari.",
      "Com. Sănduleni.",
      "Com. Săuceşti.",
      "Com. Târgu Trotuş.",
      "Com. Ungureni.",
      "Com. Urecheşti.",
      "Com. Ştefan cel Mare.",
      "MRJ. Bacău.",
      "Mun. Moineşti.",
      "Mun. Oneşti.",
      "Orş. Comăneşti.",
      "Orş. Dărmăneşti.",
      "Orş. Slănic Moldova.",
      "Orş. Târgu Ocna.",
      "Sat Blăgeşti, Com. Blăgeşti",
      "Sat Filipeşti, Com. Bogdăneşti",
      "Sat Iteşti, Com. Iteşti",
      "Sat Oituz, Com. Oituz"
    ],
    "BIHOR": [
      "MRJ. Oradea.",
      "Mun. Beiuş.",
      "Mun. Marghita.",
      "Mun. Salonta.",
      "Orş. Aleşd.",
      "Orş. Nucet.",
      "Orş. Săcueni.",
      "Orş. Vaşcău.",
      "Orş. Ştei.",
      "Sat Abram, Com. Abram",
      "Sat Auşeu, Com. Auşeu",
      "Sat Aştileu, Com. Aştileu",
      "Sat Balc, Com. Balc",
      "Sat Batăr, Com. Batăr",
      "Sat Biharia, Com. Biharia",
      "Sat Bratca, Com. Bratca",
      "Sat Budureasa, Com. Budureasa",
      "Sat Buduslău, Com. Buduslău",
      "Sat Bulz, Com. Bulz",
      "Sat Cefa, Com. Cefa",
      "Sat Ceica, Com. Ceica",
      "Sat Cetariu, Com. Cetariu",
      "Sat Cherechiu, Com. Cherechiu",
      "Sat Chişlaz, Com. Chişlaz",
      "Sat Ciumeghiu, Com. Ciumeghiu",
      "Sat Cociuba Mare, Com. Cociuba Mare",
      "Sat Copăcel, Com. Copăcel",
      "Sat Criştioru de Jos, Com. Criştioru de Jos",
      "Sat Curtuişeni, Com. Curtuişeni",
      "Sat Cărpinet, Com. Cărpinet",
      "Sat Derna, Com. Derna",
      "Sat Dobreşti, Com. Dobreşti",
      "Sat Drăgeşti, Com. Drăgeşti",
      "Sat Drăgăneşti, Com. Drăgăneşti",
      "Sat Gepiu, Com. Gepiu",
      "Sat Hidişelu de Sus, Com. Hidişelu de Sus",
      "Sat Holod, Com. Holod",
      "Sat Husasău de Tinca, Com. Husasău de Tinca",
      "Sat Ineu, Com. Ineu",
      "Sat Lazuri de Beiuş, Com. Lazuri de Beiuş",
      "Sat Lugaşu de Jos, Com. Lugaşu de Jos",
      "Sat Oşorhei, Com. Oşorhei",
      "Sat Petid, Com. Cociuba Mare",
      "Sat Pietroasa, Com. Pietroasa",
      "Sat Pocola, Com. Pocola",
      "Sat Pomezeu, Com. Pomezeu",
      "Sat Popeşti, Com. Popeşti",
      "Sat Remetea, Com. Remetea",
      "Sat Roşia, Com. Roşia",
      "Sat Răbăgani, Com. Răbăgani",
      "Sat Sâmbăta, Com. Sâmbăta",
      "Sat Sâniob, Com. Sâniob",
      "Sat Sânmartin, Com. Sânmartin",
      "Sat Sântandrei, Com. Sântandrei",
      "Sat Sârbi, Com. Sârbi",
      "Sat Săcădat, Com. Săcădat",
      "Sat Sălacea, Com. Sălacea",
      "Sat Tileagd, Com. Tileagd",
      "Sat Toboliu, Com. Toboliu",
      "Sat Tulca, Com. Tulca",
      "Sat Tămăşeu, Com. Tămăşeu",
      "Sat Tărcaia, Com. Tărcaia",
      "Sat Tăuteu, Com. Tăuteu",
      "Sat Uileacu de Beiuş, Com. Uileacu de Beiuş",
      "Sat Vadu Crişului, Com. Vadu Crişului",
      "Sat Viişoara, Com. Viişoara",
      "Sat Şuncuiuş, Com. Şuncuiuş",
      "Sat Ţeţchea, Com. Ţeţchea"
    ],
    "BISTRIŢA-NĂSĂUD": [
      "Com. Salva.",
      "Loc. Viişoara, MRJ. Bistriţa",
      "MRJ. Bistriţa.",
      "Orş. Beclean.",
      "Orş. Năsăud.",
      "Orş. Sângeorz-Băi.",
      "Sat Braniştea, Com. Braniştea",
      "Sat Chiochiş, Com. Chiochiş",
      "Sat Ciceu-Giurgeşti, Com. Ciceu-Giurgeşti",
      "Sat Dumitra, Com. Dumitra",
      "Sat Galaţii Bistriţei, Com. Galaţii Bistriţei",
      "Sat Ilva Mică, Com. Ilva Mică",
      "Sat Maieru, Com. Maieru",
      "Sat Matei, Com. Matei",
      "Sat Măgura Ilvei, Com. Măgura Ilvei",
      "Sat Negrileşti, Com. Negrileşti",
      "Sat Nuşeni, Com. Nuşeni",
      "Sat Parva, Com. Parva",
      "Sat Rodna, Com. Rodna",
      "Sat Runcu Salvei, Com. Runcu Salvei",
      "Sat Satu Nou, Com. Cetate",
      "Sat Sânmihaiu de Câmpie, Com. Sânmihaiu de Câmpie",
      "Sat Tiha Bârgăului, Com. Tiha Bârgăului",
      "Sat Zagra, Com. Zagra",
      "Sat Şieu-Măgheruş, Com. Şieu-Măgheruş",
      "Sat Şieuţ, Com. Şieuţ"
    ],
    "BOTOŞANI": [
      "Com. Cândeşti.",
      "Com. Dersca.",
      "Com. Lozna.",
      "Loc. Bucecea, Orş. Bucecea",
      "Loc. Ştefăneşti, Orş. Ştefăneşti",
      "MRJ. Botoşani.",
      "Mun. Dorohoi.",
      "Orş. Darabani.",
      "Orş. Flămânzi.",
      "Orş. Săveni.",
      "Sat Albeşti, Com. Albeşti",
      "Sat Avrămeni, Com. Avrămeni",
      "Sat Broscăuţi, Com. Broscăuţi",
      "Sat Băluşeni, Com. Băluşeni",
      "Sat Conceşti, Com. Conceşti",
      "Sat Copălău, Com. Copălău",
      "Sat Cordăreni, Com. Cordăreni",
      "Sat Corni, Com. Corni",
      "Sat Coţuşca, Com. Coţuşca",
      "Sat Cristeşti, Com. Cristeşti",
      "Sat Cătămăreşti-Deal, Com. Mihai Eminescu",
      "Sat Dersca, Com. Dersca",
      "Sat Dimăcheni, Com. Dimăcheni",
      "Sat Drăguşeni, Com. Drăguşeni",
      "Sat Durneşti, Com. Durneşti",
      "Sat Dângeni, Com. Dângeni",
      "Sat Frumuşica, Com. Frumuşica",
      "Sat George Enescu, Com. George Enescu",
      "Sat Hilişeu-Horia, Com. Hilişeu-Horia",
      "Sat Hudeşti, Com. Hudeşti",
      "Sat Hăneşti, Com. Hăneşti",
      "Sat Ibăneşti, Com. Ibăneşti",
      "Sat Lunca, Com. Lunca",
      "Sat Mihălăşeni, Com. Mihălăşeni",
      "Sat Mileanca, Com. Mileanca",
      "Sat Nicşeni, Com. Nicşeni",
      "Sat Pomârla, Com. Pomârla",
      "Sat Prăjeni, Com. Prăjeni",
      "Sat Păltiniş, Com. Păltiniş",
      "Sat Roma, Com. Roma",
      "Sat Rădăuţi-Prut, Com. Rădăuţi-Prut",
      "Sat Stăuceni, Com. Stăuceni",
      "Sat Truşeşti, Com. Truşeşti",
      "Sat Tudora, Com. Tudora",
      "Sat Viişoara, Com. Viişoara",
      "Sat Vlăsineşti, Com. Vlăsineşti",
      "Sat Vorniceni, Com. Vorniceni",
      "Sat Vorona, Com. Vorona",
      "Sat Ştiubieni, Com. Ştiubieni"
    ],
    "BRAŞOV": [
      "Com. Sâmbăta de Sus.",
      "Com. Viştea.",
      "MRJ. Braşov.",
      "Mun. Făgăraş.",
      "Mun. Săcele.",
      "Orş. Predeal.",
      "Orş. Rupea.",
      "Orş. Râşnov.",
      "Orş. Victoria.",
      "Orş. Zărneşti.",
      "Sat Bran, Com. Bran",
      "Sat Buneşti, Com. Buneşti",
      "Sat Caţa, Com. Caţa",
      "Sat Cristian, Com. Cristian",
      "Sat Drăguş, Com. Drăguş",
      "Sat Mândra, Com. Mândra",
      "Sat Prejmer, Com. Prejmer",
      "Sat Părău, Com. Părău",
      "Sat Sânpetru, Com. Sânpetru",
      "Sat Ticuşu Vechi, Com. Ticuşu",
      "Sat Tărlungeni, Com. Tărlungeni",
      "Sat Vulcan, Com. Vulcan"
    ],
    "BRĂILA": [
      "Com. Bordei Verde.",
      "Com. Romanu.",
      "Com. Victoria.",
      "MRJ. Brăila.",
      "Sat Dudeşti, Com. Dudeşti",
      "Sat Grădiştea, Com. Grădiştea",
      "Sat Maxineni, Com. Maxineni",
      "Sat Racoviţa, Com. Racoviţa",
      "Sat Surdila-Găiseanca, Com. Surdila-Găiseanca",
      "Sat Şuţeşti, Com. Şuţeşti"
    ],
    "BUZĂU": [
      "Com. Cătina.",
      "Com. Movila Banului.",
      "Com. Puieşti.",
      "Com. Siriu.",
      "Com. Săruleşti.",
      "MRJ. Buzău.",
      "Orş. Nehoiu.",
      "Orş. Pogoanele.",
      "Orş. Pătârlagele.",
      "Sat Beceni, Com. Beceni",
      "Sat Berca, Com. Berca",
      "Sat Breaza, Com. Breaza",
      "Sat Caşoca, Com. Siriu",
      "Sat Chiliile, Com. Chiliile",
      "Sat Chiojdu, Com. Chiojdu",
      "Sat Cochirleanca, Com. Cochirleanca",
      "Sat Costeşti, Com. Costeşti",
      "Sat Cătina, Com. Cătina",
      "Sat Ghergheasa, Com. Ghergheasa",
      "Sat Glodeanu Sărat, Com. Glodeanu Sărat",
      "Sat Glodeanu-Siliştea, Com. Glodeanu-Siliştea",
      "Sat Gura Teghii, Com. Gura Teghii",
      "Sat Gălbinaşi, Com. Gălbinaşi",
      "Sat Largu, Com. Largu",
      "Sat Lopătari, Com. Lopătari",
      "Sat Mihăileşti, Com. Mihăileşti",
      "Sat Murgeşti, Com. Murgeşti",
      "Sat Mânzăleşti, Com. Mânzăleşti",
      "Sat Măgura, Com. Măgura",
      "Sat Pietroasele, Com. Pietroasele",
      "Sat Potoceni, Com. Mărăcineni",
      "Sat Pănătău, Com. Pănătău",
      "Sat Racoviţeni, Com. Racoviţeni",
      "Sat Scorţoasa, Com. Scorţoasa",
      "Sat Smeeni, Com. Smeeni",
      "Sat Săhăteni, Com. Săhăteni",
      "Sat Săpoca, Com. Săpoca",
      "Sat Topliceni, Com. Topliceni",
      "Sat Ulmeni, Com. Ulmeni",
      "Sat Verneşti, Com. Verneşti",
      "Sat Vintilă Vodă, Com. Vintilă Vodă"
    ],
    "CARAŞ-SEVERIN": [
      "Com. Berzovia.",
      "Com. Ciuchici.",
      "Com. Constantin Daicoviciu.",
      "Com. Măureni.",
      "Com. Răcăşdia.",
      "Com. Sasca Montană.",
      "Com. Socol.",
      "Com. Vrani.",
      "Com. Zorlenţu Mare.",
      "MRJ. Reşiţa.",
      "Mun. Caransebeş.",
      "Orş. Anina.",
      "Orş. Bocşa.",
      "Orş. Moldova Nouă.",
      "Orş. Oraviţa.",
      "Orş. Oţelu Roşu.",
      "Sat Brebu, Com. Brebu",
      "Sat Ciclova Română, Com. Ciclova Română",
      "Sat Dognecea, Com. Dognecea",
      "Sat Ezeriş, Com. Ezeriş",
      "Sat Forotic, Com. Forotic",
      "Sat Fârliug, Com. Fârliug",
      "Sat Grădinari, Com. Grădinari",
      "Sat Gărâna, Com. Brebu Nou",
      "Sat Iablaniţa, Com. Iablaniţa",
      "Sat Lăpuşnicu Mare, Com. Lăpuşnicu Mare",
      "Sat Mehadia, Com. Mehadia",
      "Sat Pojejena, Com. Pojejena",
      "Sat Prigor, Com. Prigor",
      "Sat Păltiniş, Com. Păltiniş",
      "Sat Slatina-Timiş, Com. Slatina-Timiş",
      "Sat Teregova, Com. Teregova",
      "Sat Ticvaniu Mare, Com. Ticvaniu Mare",
      "Sat Târnova, Com. Târnova",
      "Sat Zăvoi, Com. Zăvoi"
    ],
    "CLUJ": [
      "Com. Mintiu Gherlii.",
      "MRJ. Cluj-Napoca.",
      "Mun. Câmpia Turzii.",
      "Mun. Dej.",
      "Mun. Gherla.",
      "Mun. Turda.",
      "Sat Aiton, Com. Aiton",
      "Sat Aşchileu Mare, Com. Aşchileu",
      "Sat Baciu, Com. Baciu",
      "Sat Buza, Com. Buza",
      "Sat Băişoara, Com. Băişoara",
      "Sat Cojocna, Com. Cojocna",
      "Sat Căianu, Com. Căianu",
      "Sat Cămăraşu, Com. Cămăraşu",
      "Sat Floreşti, Com. Floreşti",
      "Sat Frata, Com. Frata",
      "Sat Geaca, Com. Geaca",
      "Sat Gilău, Com. Gilău",
      "Sat Iara, Com. Iara",
      "Sat Izvoru Crişului, Com. Izvoru Crişului",
      "Sat Luna, Com. Luna",
      "Sat Mihai Viteazu, Com. Mihai Viteazu",
      "Sat Mărgău, Com. Mărgău",
      "Sat Negreni, Com. Negreni",
      "Sat Ploscoş, Com. Ploscoş",
      "Sat Poieni, Com. Poieni",
      "Sat Pălatca, Com. Pălatca",
      "Sat Recea-Cristur, Com. Recea-Cristur",
      "Sat Suatu, Com. Suatu",
      "Sat Sâncraiu, Com. Sâncraiu",
      "Sat Săcuieu, Com. Săcuieu",
      "Sat Săvădisla, Com. Săvădisla",
      "Sat Tureni, Com. Tureni",
      "Sat Vad, Com. Vad"
    ],
    "CONSTANŢA": [
      "Com. Băneasa.",
      "Com. Cobadin.",
      "Com. Crucea.",
      "Com. Nicolae Bălcescu.",
      "Loc. Eforie Nord, Orş. Eforie",
      "MRJ. Constanţa.",
      "Mun. Mangalia.",
      "Orş. Cernavodă.",
      "Orş. Hârşova.",
      "Orş. Murfatlar.",
      "Orş. Negru Vodă.",
      "Orş. Ovidiu.",
      "Orş. Techirghiol.",
      "Sat Adamclisi, Com. Adamclisi",
      "Sat Albeşti, Com. Albeşti",
      "Sat Castelu, Com. Castelu",
      "Sat Cerchezu, Com. Cerchezu",
      "Sat Chirnogeni, Com. Chirnogeni",
      "Sat Costineşti, Com. Costineşti",
      "Sat Cumpăna, Com. Cumpăna",
      "Sat Cuza Vodă, Com. Cuza Vodă",
      "Sat Dumbrăveni, Com. Dumbrăveni",
      "Sat Gârliciu, Com. Gârliciu",
      "Sat Horia, Com. Horia",
      "Sat Independenţa, Com. Independenţa",
      "Sat Limanu, Com. Limanu",
      "Sat Lipniţa, Com. Lipniţa",
      "Sat Lumina, Com. Lumina",
      "Sat Mereni, Com. Mereni",
      "Sat Mihail Kogălniceanu, Com. Mihail Kogălniceanu",
      "Sat Mircea Vodă, Com. Mircea Vodă",
      "Sat Oltina, Com. Oltina",
      "Sat Ostrov, Com. Ostrov",
      "Sat Pantelimon, Com. Pantelimon",
      "Sat Pecineaga, Com. Pecineaga",
      "Sat Peştera, Com. Peştera",
      "Sat Rasova, Com. Rasova",
      "Sat Saligny, Com. Saligny",
      "Sat Saraiu, Com. Saraiu",
      "Sat Siliştea, Com. Siliştea",
      "Sat Topraisar, Com. Topraisar",
      "Sat Valu lui Traian, Com. Valu lui Traian"
    ],
    "COVASNA": [
      "Com. Bodoc.",
      "Com. Brateş.",
      "Com. Chichiş.",
      "Com. Dobârlău.",
      "Com. Ghelinţa.",
      "Com. Mereni.",
      "Com. Ozun.",
      "Com. Reci.",
      "Com. Zagon.",
      "Com. Zăbala.",
      "MRJ. Sfântu Gheorghe.",
      "Mun. Târgu Secuiesc.",
      "Orş. Covasna.",
      "Orş. Întorsura Buzăului.",
      "Sat Barcani, Com. Barcani",
      "Sat Biborţeni, Orş. Baraolt",
      "Sat Chichiş, Com. Chichiş",
      "Sat Micloşoara, Orş. Baraolt",
      "Sat Moacşa, Com. Moacşa",
      "Sat Saciova, Com. Reci"
    ],
    "CĂLĂRAŞI": [
      "Com. Căscioarele.",
      "Com. Dorobanţu.",
      "Com. Nicolae Bălcescu.",
      "MRJ. Călăraşi.",
      "Mun. Olteniţa.",
      "Orş. Budeşti.",
      "Orş. Lehliu-Gară.",
      "Sat Alexandru Odobescu, Com. Alexandru Odobescu",
      "Sat Borcea, Com. Borcea",
      "Sat Chirnogi, Com. Chirnogi",
      "Sat Chiselet, Com. Chiselet",
      "Sat Curcani, Com. Curcani",
      "Sat Căscioarele, Com. Căscioarele",
      "Sat Dichiseni, Com. Dichiseni",
      "Sat Dragalina, Com. Dragalina",
      "Sat Frăsinet, Com. Frăsinet",
      "Sat Grădiştea, Com. Grădiştea",
      "Sat Gurbăneşti, Com. Gurbăneşti",
      "Sat Luica, Com. Luica",
      "Sat Mitreni, Com. Mitreni",
      "Sat Modelu, Com. Modelu",
      "Sat Nana, Com. Nana",
      "Sat Plătăreşti, Com. Plătăreşti",
      "Sat Radovanu, Com. Radovanu",
      "Sat Spanţov, Com. Spanţov",
      "Sat Tămădău Mare, Com. Tămădău Mare",
      "Sat Ulmeni, Com. Ulmeni",
      "Sat Ulmu, Com. Ulmu",
      "Sat Unirea, Com. Unirea",
      "Sat Vlad Ţepeş, Com. Vlad Ţepeş",
      "Sat Vâlcelele, Com. Vâlcelele",
      "Sat Ştefan Vodă, Com. Ştefan Vodă"
    ],
    "DOLJ": [
      "Com. Afumaţi.",
      "Com. Bucovăţ.",
      "Com. Castranova.",
      "Com. Cioroiaşi.",
      "Com. Daneţi.",
      "Com. Goicea.",
      "Com. Goieşti.",
      "Com. Rast.",
      "Com. Rojişte.",
      "MRJ. Craiova.",
      "Mun. Calafat.",
      "Orş. Filiaşi.",
      "Sat Brădeşti, Com. Brădeşti",
      "Sat Bârca, Com. Bârca",
      "Sat Cernăteşti, Com. Cernăteşti",
      "Sat Cetate, Com. Cetate",
      "Sat Ciupercenii Noi, Com. Ciupercenii Noi",
      "Sat Coţofenii din Dos, Com. Coţofenii din Dos",
      "Sat Cârcea, Com. Cârcea",
      "Sat Galicea Mare, Com. Galicea Mare",
      "Sat Goicea, Com. Goicea",
      "Sat Moţăţei, Com. Moţăţei",
      "Sat Măceşu de Jos, Com. Măceşu de Jos",
      "Sat Piscu Vechi, Com. Piscu Vechi",
      "Sat Podari, Com. Podari",
      "Sat Rast, Com. Rast",
      "Sat Seaca de Câmp, Com. Seaca de Câmp",
      "Sat Teslui, Com. Teslui",
      "Sat Verbiţa, Com. Verbiţa"
    ],
    "DÂMBOVIŢA": [
      "Com. Bezdead.",
      "Com. Butimanu.",
      "Com. Băleni.",
      "Com. Cojasca.",
      "Com. Conţeşti.",
      "Com. Corbii Mari.",
      "Com. Corneşti.",
      "Com. Cornăţelu.",
      "Com. Crevedia.",
      "Com. Dărmăneşti.",
      "Com. Gura Foii.",
      "Com. Gura Ocniţei.",
      "Com. Hulubeşti.",
      "Com. Lucieni.",
      "Com. Lunguleţu.",
      "Com. Mogoşani.",
      "Com. Produleşti.",
      "Com. Tătărani.",
      "Com. Valea Mare.",
      "Com. Vulcana-Băi.",
      "Com. Văleni-Dâmboviţa.",
      "MRJ. Târgovişte.",
      "Mun. Moreni.",
      "Orş. Găeşti.",
      "Orş. Pucioasa.",
      "Sat Doiceşti, Com. Doiceşti",
      "Sat Dragodana, Com. Dragodana",
      "Sat Ocniţa, Com. Ocniţa",
      "Sat Răscăeţi, Com. Răscăeţi",
      "Sat Vişina, Com. Vişina",
      "Sat Şotânga, Com. Şotânga"
    ],
    "GALAŢI": [
      "MRJ. Galaţi.",
      "Mun. Tecuci.",
      "Orş. Bereşti.",
      "Sat Brăhăşeşti, Com. Brăhăşeşti",
      "Sat Băleni, Com. Băleni",
      "Sat Bălăşeşti, Com. Bălăşeşti",
      "Sat Băneasa, Com. Băneasa",
      "Sat Corod, Com. Corod",
      "Sat Cosmeşti, Com. Cosmeşti",
      "Sat Costache Negri, Com. Costache Negri",
      "Sat Cudalbi, Com. Cudalbi",
      "Sat Drăgăneşti, Com. Drăgăneşti",
      "Sat Ghidigeni, Com. Ghidigeni",
      "Sat Gohor, Com. Gohor",
      "Sat Independenţa, Com. Independenţa",
      "Sat Iveşti, Com. Iveşti",
      "Sat Matca, Com. Matca",
      "Sat Munteni, Com. Munteni",
      "Sat Măstăcani, Com. Măstăcani",
      "Sat Pechea, Com. Pechea",
      "Sat Poiana, Com. Poiana",
      "Sat Rediu, Com. Rediu",
      "Sat Rădeşti, Com. Rădeşti",
      "Sat Schela, Com. Schela",
      "Sat Scânteieşti, Com. Scânteieşti",
      "Sat Smârdan, Com. Smârdan",
      "Sat Tudor Vladimirescu, Com. Tudor Vladimirescu",
      "Sat Umbrăreşti, Com. Umbrăreşti",
      "Sat Valea Mărului, Com. Valea Mărului",
      "Sat Vânători, Com. Vânători",
      "Sat Ţepu, Com. Ţepu"
    ],
    "GIURGIU": [
      "Com. Adunaţii-Copăceni.",
      "Com. Colibaşi.",
      "Com. Comana.",
      "Com. Daia.",
      "Com. Frăteşti.",
      "Com. Gogoşari.",
      "Com. Herăşti.",
      "Com. Iepureşti.",
      "Com. Oinacu.",
      "Com. Roata de Jos.",
      "Com. Vânătorii Mici.",
      "Com. Vărăşti.",
      "MRJ. Giurgiu.",
      "Orş. Bolintin-Vale.",
      "Sat Hotarele, Com. Hotarele",
      "Sat Mârşa, Com. Mârşa",
      "Sat Toporu, Com. Toporu"
    ],
    "GORJ": [
      "Com. Bălăneşti.",
      "Com. Ciuperceni.",
      "Com. Muşeteşti.",
      "Com. Teleşti.",
      "MRJ. Târgu Jiu.",
      "Mun. Motru.",
      "Orş. Bumbeşti-Jiu.",
      "Orş. Novaci.",
      "Orş. Rovinari.",
      "Orş. Ţicleni.",
      "Sat Aninoasa, Com. Aninoasa",
      "Sat Arcani, Com. Arcani",
      "Sat Bustuchin, Com. Bustuchin",
      "Sat Băleşti, Com. Băleşti",
      "Sat Cruşeţ, Com. Cruşeţ",
      "Sat Drăguţeşti, Com. Drăguţeşti",
      "Sat Dăneşti, Com. Dăneşti",
      "Sat Glogova, Com. Glogova",
      "Sat Gornoviţa, Orş. Tismana",
      "Sat Polovragi, Com. Polovragi",
      "Sat Runcu, Com. Runcu",
      "Sat Stoina, Com. Stoina",
      "Sat Tismana, Orş. Tismana",
      "Sat Turburea, Com. Turburea",
      "Sat Turcineşti, Com. Turcineşti",
      "Sat Ursoaia, Com. Negomir"
    ],
    "HARGHITA": [
      "Com. Atid.",
      "Com. Bilbor.",
      "Com. Ciucsângeorgiu.",
      "Com. Dăneşti.",
      "Com. Feliceni.",
      "Com. Gălăuţaş.",
      "Com. Lupeni.",
      "Com. Lăzarea.",
      "Com. Mereşti.",
      "Com. Ocland.",
      "Com. Sânsimion.",
      "Com. Săcel.",
      "Com. Tuşnad.",
      "Com. Şimoneşti.",
      "MRJ. Miercurea Ciuc.",
      "Mun. Gheorgheni.",
      "Mun. Odorheiu Secuiesc.",
      "Mun. Topliţa.",
      "Orş. Borsec.",
      "Orş. Băile Tuşnad.",
      "Orş. Cristuru Secuiesc.",
      "Sat Ciceu, Com. Ciceu",
      "Sat Cozmeni, Com. Cozmeni",
      "Sat Daia, Com. Ulieş",
      "Sat Ditrău, Com. Ditrău",
      "Sat Frumoasa, Com. Frumoasa",
      "Sat Lutiţa, Com. Mugeni",
      "Sat Mugeni, Com. Mugeni",
      "Sat Mădăraş, Com. Mădăraş",
      "Sat Mărtiniş, Com. Mărtiniş",
      "Sat Porumbenii Mari, Com. Porumbeni",
      "Sat Racu, Com. Racu",
      "Sat Remetea, Com. Remetea",
      "Sat Răchitis, Com. Bilbor",
      "Sat Satu Mare, Com. Satu Mare",
      "Sat Siculeni, Com. Siculeni",
      "Sat Suseni, Com. Suseni",
      "Sat Sântimbru, Com. Sântimbru",
      "Sat Văcăreşti, Com. Mihăileni",
      "Sat Zetea, Com. Zetea",
      "Sat Şimoneşti, Com. Şimoneşti"
    ],
    "HUNEDOARA": [
      "MRJ. Deva.",
      "Mun. Brad.",
      "Mun. Hunedoara.",
      "Mun. Lupeni.",
      "Mun. Orăştie.",
      "Mun. Petroşani.",
      "Mun. Vulcan.",
      "Orş. Aninoasa.",
      "Orş. Călan.",
      "Orş. Geoagiu.",
      "Orş. Haţeg.",
      "Orş. Petrila.",
      "Orş. Simeria.",
      "Orş. Uricani.",
      "Sat Baru, Com. Baru",
      "Sat Boşorod, Com. Boşorod",
      "Sat Bretea Română, Com. Bretea Română",
      "Sat Bunila, Com. Bunila",
      "Sat Băcia, Com. Băcia",
      "Sat Băiţa, Com. Băiţa",
      "Sat Băniţa, Com. Băniţa",
      "Sat Crişcior, Com. Crişcior",
      "Sat Densuş, Com. Densuş",
      "Sat Gurasada, Com. Gurasada",
      "Sat Hărău, Com. Hărău",
      "Sat Lelese, Com. Lelese",
      "Sat Luncoiu de Jos, Com. Luncoiu de Jos",
      "Sat Orăştioara de Sus, Com. Orăştioara de Sus",
      "Sat Ribiţa, Com. Ribiţa",
      "Sat Râu de Mori, Com. Râu de Mori",
      "Sat Răchitova, Com. Răchitova",
      "Sat Sântămăria-Orlea, Com. Sântămăria-Orlea",
      "Sat Sălaşu de Sus, Com. Sălaşu de Sus",
      "Sat Teliucu Inferior, Com. Teliucu Inferior",
      "Sat Toteşti, Com. Toteşti",
      "Sat Vaţa de Jos, Com. Vaţa de Jos",
      "Sat Vorţa, Com. Vorţa",
      "Sat Vălişoara, Com. Vălişoara",
      "Sat Zam, Com. Zam"
    ],
    "IALOMIŢA": [
      "MRJ. Slobozia.",
      "Mun. Feteşti.",
      "Mun. Urziceni.",
      "Orş. Amara.",
      "Sat Albeşti, Com. Albeşti",
      "Sat Alexeni, Com. Alexeni",
      "Sat Andrăşeşti, Com. Andrăşeşti",
      "Sat Axintele, Com. Axintele",
      "Sat Borăneşti, Com. Borăneşti",
      "Sat Bărcăneşti, Com. Bărcăneşti",
      "Sat Ciocârlia, Com. Ciocârlia",
      "Sat Colelia, Com. Colelia",
      "Sat Cosâmbeşti, Com. Cosâmbeşti",
      "Sat Dridu, Com. Dridu",
      "Sat Drăgoeşti, Com. Drăgoeşti",
      "Sat Făcăeni, Com. Făcăeni",
      "Sat Gheorghe Lazăr, Com. Gheorghe Lazăr",
      "Sat Giurgeni, Com. Giurgeni",
      "Sat Grindu, Com. Grindu",
      "Sat Gârbovi, Com. Gârbovi",
      "Sat Ion Roată, Com. Ion Roată",
      "Sat Maia, Com. Maia",
      "Sat Mihail Kogălniceanu, Com. Mihail Kogălniceanu",
      "Sat Miloşeşti, Com. Miloşeşti",
      "Sat Movila, Com. Movila",
      "Sat Moviliţa, Com. Moviliţa",
      "Sat Mărculeşti, Com. Mărculeşti",
      "Sat Perieţi, Com. Perieţi",
      "Sat Roşiori, Com. Roşiori",
      "Sat Scânteia, Com. Scânteia",
      "Sat Stelnica, Com. Stelnica",
      "Sat Sudiţi, Com. Sudiţi",
      "Sat Sălcioara, Com. Sălcioara",
      "Sat Săveni, Com. Săveni",
      "Sat Valea Măcrişului, Com. Valea Măcrişului"
    ],
    "IAŞI": [
      "Com. Alexandru I. Cuza.",
      "Com. Balş.",
      "Com. Brăeşti.",
      "Com. Butea.",
      "Com. Bălţaţi.",
      "Com. Cepleniţa.",
      "Com. Ciorteşti.",
      "Com. Comarna.",
      "Com. Costeşti.",
      "Com. Cozmeşti.",
      "Com. Cristeşti.",
      "Com. Cucuteni.",
      "Com. Deleni.",
      "Com. Dolheşti.",
      "Com. Fântânele.",
      "Com. Golăieşti.",
      "Com. Grajduri.",
      "Com. Hărmăneşti.",
      "Com. Lespezi.",
      "Com. Mironeasa.",
      "Com. Miroslava.",
      "Com. Mogoşeşti-Siret.",
      "Com. Mogoşeşti.",
      "Com. Movileni.",
      "Com. Rediu.",
      "Com. Româneşti.",
      "Com. Răchiteni.",
      "Com. Răducăneni.",
      "Com. Scobinţi.",
      "Com. Tansa.",
      "Com. Todireşti.",
      "Com. Tomeşti.",
      "Com. Trifeşti.",
      "Com. Valea Lupului.",
      "Com. Victoria.",
      "Com. Vlădeni.",
      "Com. Şipote.",
      "Com. Ţigănaşi.",
      "Com. Ţuţora.",
      "MRJ. Iaşi.",
      "Mun. Paşcani.",
      "Orş. Hârlău.",
      "Orş. Podu Iloaiei.",
      "Orş. Târgu Frumos.",
      "Sat Belceşti, Com. Belceşti",
      "Sat Butea, Com. Butea",
      "Sat Bălţaţi, Com. Bălţaţi",
      "Sat Ciurea, Com. Ciurea",
      "Sat Cotnari, Com. Cotnari",
      "Sat Fedeleşeni, Com. Strunga",
      "Sat Gorban, Com. Gorban",
      "Sat Gropniţa, Com. Gropniţa",
      "Sat Holboca, Com. Holboca",
      "Sat Horpaz, Com. Miroslava",
      "Sat Ipatele, Com. Ipatele",
      "Sat Mirosloveşti, Com. Mirosloveşti",
      "Sat Moşna, Com. Moşna",
      "Sat Popeşti, Com. Popeşti",
      "Sat Popricani, Com. Popricani",
      "Sat Probota, Com. Probota",
      "Sat Ruginoasa, Com. Ruginoasa",
      "Sat Schitu Duca, Com. Schitu Duca",
      "Sat Sireţel, Com. Sireţel",
      "Sat Stolniceni-Prăjescu, Com. Stolniceni-Prăjescu",
      "Sat Strunga, Com. Strunga",
      "Sat Tomeşti, Com. Tomeşti",
      "Sat Tătăruşi, Com. Tătăruşi"
    ],
    "ILFOV": [
      "Com. Dascălu.",
      "Orş. Bragadiru.",
      "Orş. Chitila.",
      "Orş. Măgurele.",
      "Orş. Otopeni.",
      "Orş. Popeşti-Leordeni.",
      "Orş. Voluntari.",
      "Sat 1 Decembrie, Com. 1 Decembrie",
      "Sat Brăneşti, Com. Brăneşti",
      "Sat Cernica, Com. Cernica",
      "Sat Ciolpani, Com. Ciolpani",
      "Sat Copăceni, Com. Copăceni",
      "Sat Căldăraru, Com. Cernica",
      "Sat Domneşti, Com. Domneşti",
      "Sat Ghermăneşti, Com. Snagov",
      "Sat Gruiu, Com. Gruiu",
      "Sat Mogoşoaia, Com. Mogoşoaia",
      "Sat Măgurele, Orş. Măgurele",
      "Sat Ostratu, Com. Corbeanca",
      "Sat Otopeni, Orş. Otopeni",
      "Sat Pantelimon, Orş. Pantelimon",
      "Sat Roşu, Com. Chiajna",
      "Sat Rudeni, Orş. Chitila",
      "Sat Voluntari, Orş. Voluntari"
    ],
    "MARAMUREŞ": [
      "Com. Deseşti.",
      "Com. Şieu.",
      "MRJ. Baia Mare.",
      "Mun. Sighetu Marmaţiei.",
      "Orş. Baia Sprie.",
      "Orş. Borşa.",
      "Orş. Cavnic.",
      "Orş. Dragomireşti.",
      "Orş. Seini.",
      "Orş. Săliştea de Sus.",
      "Orş. Târgu Lăpuş.",
      "Orş. Ulmeni.",
      "Orş. Vişeu de Sus.",
      "Orş. Şomcuta Mare.",
      "Sat Ariniş, Com. Ariniş",
      "Sat Asuaju de Sus, Com. Asuaju de Sus",
      "Sat Bicaz, Com. Bicaz",
      "Sat Bogdan Vodă, Com. Bogdan Vodă",
      "Sat Boiu Mare, Com. Boiu Mare",
      "Sat Botiza, Com. Botiza",
      "Sat Băiuţ, Com. Băiuţ",
      "Sat Băiţa de Sub Codru, Com. Băiţa de Sub Codru",
      "Sat Cerneşti, Com. Cerneşti",
      "Sat Cicârlău, Com. Cicârlău",
      "Sat Copalnic-Mănăştur, Com. Copalnic-Mănăştur",
      "Sat Coroieni, Com. Coroieni",
      "Sat Câmpulung la Tisa, Com. Câmpulung la Tisa",
      "Sat Călineşti, Com. Călineşti",
      "Sat Dumbrăviţa, Com. Dumbrăviţa",
      "Sat Giuleşti, Com. Giuleşti",
      "Sat Groşi, Com. Groşi",
      "Sat Groşii Ţibleşului, Com. Groşii Ţibleşului",
      "Sat Gârdani, Com. Gârdani",
      "Sat Ieud, Com. Ieud",
      "Sat Leordina, Com. Leordina",
      "Sat Lăpuş, Com. Lăpuş",
      "Sat Moisei, Com. Moisei",
      "Sat Ocna Şugatag, Com. Ocna Şugatag",
      "Sat Onceşti, Com. Onceşti",
      "Sat Poienile Izei, Com. Poienile Izei",
      "Sat Poienile de Sub Munte, Com. Poienile de Sub Munte",
      "Sat Recea, Com. Recea",
      "Sat Remetea Chioarului, Com. Remetea Chioarului",
      "Sat Repedea, Com. Repedea",
      "Sat Rona de Jos, Com. Rona de Jos",
      "Sat Rona de Sus, Com. Rona de Sus",
      "Sat Ruscova, Com. Ruscova",
      "Sat Sarasău, Com. Sarasău",
      "Sat Satulung, Com. Satulung",
      "Sat Suciu de Sus, Com. Suciu de Sus",
      "Sat Săcălăşeni, Com. Săcălăşeni",
      "Sat Săpânţa, Com. Săpânţa",
      "Sat Ulmeni, Orş. Ulmeni",
      "Sat Valea Chioarului, Com. Valea Chioarului",
      "Sat Vima Mică, Com. Vima Mică",
      "Sat Vişeu de Jos, Com. Vişeu de Jos",
      "Sat Şomcuta Mare, Orş. Şomcuta Mare"
    ],
    "MEHEDINŢI": [
      "Com. Bala.",
      "Com. Broşteni.",
      "Com. Dumbrava.",
      "Com. Gogoşu.",
      "Com. Iloviţa.",
      "Com. Isverna.",
      "Com. Jiana.",
      "Com. Livezile.",
      "Com. Malovăţ.",
      "Com. Podeni.",
      "Com. Pristol.",
      "Com. Prunişor.",
      "Com. Salcia.",
      "Com. Vânjuleţ.",
      "Com. Şişeşti.",
      "MRJ. Drobeta-Turnu Severin.",
      "Mun. Orşova.",
      "Orş. Baia de Aramă.",
      "Orş. Vânju Mare.",
      "Sat Balta, Com. Balta",
      "Sat Burila Mare, Com. Burila Mare",
      "Sat Bălăciţa, Com. Bălăciţa",
      "Sat Eşelniţa, Com. Eşelniţa",
      "Sat Grozeşti, Com. Grozeşti",
      "Sat Gruia, Com. Gruia",
      "Sat Isverna, Com. Isverna",
      "Sat Obârşia-Cloşani, Com. Obârşia-Cloşani",
      "Sat Ponoarele, Com. Ponoarele",
      "Sat Poroina Mare, Com. Poroina Mare",
      "Sat Rogova, Com. Rogova",
      "Sat Seliştea, Com. Isverna",
      "Sat Stângăceaua, Com. Stângăceaua",
      "Sat Valea Coşuştei, Com. Căzăneşti",
      "Sat Voloiac, Com. Voloiac",
      "Sat Şimian, Com. Şimian"
    ],
    "MUNICIPIUL BUCUREŞTI": [
      "Sec. 1, Mun. Bucureşti",
      "Sec. 2, Mun. Bucureşti",
      "Sec. 3, Mun. Bucureşti",
      "Sec. 4, Mun. Bucureşti",
      "Sec. 5, Mun. Bucureşti",
      "Sec. 6, Mun. Bucureşti"
    ],
    "MUREŞ": [
      "Com. Acăţari.",
      "Com. Aluniş.",
      "Com. Apold.",
      "Com. Aţintiş.",
      "Com. Batoş.",
      "Com. Beica de Jos.",
      "Com. Bogata.",
      "Com. Brâncoveneşti.",
      "Com. Ceuaşu de Câmpie.",
      "Com. Coroisânmărtin.",
      "Com. Cristeşti.",
      "Com. Crăciuneşti.",
      "Com. Crăieşti.",
      "Com. Cucerdea.",
      "Com. Daneş.",
      "Com. Deda.",
      "Com. Eremitu.",
      "Com. Fărăgău.",
      "Com. Gorneşti.",
      "Com. Iclănzel.",
      "Com. Ideciu de Jos.",
      "Com. Lunca.",
      "Com. Mica.",
      "Com. Petelea.",
      "Com. Pogăceaua.",
      "Com. Răstoliţa.",
      "Com. Saschiz.",
      "Com. Solovăstru.",
      "Com. Suseni.",
      "Com. Sânpaul.",
      "Com. Sânpetru de Câmpie.",
      "Com. Tăureni.",
      "Com. Valea Largă.",
      "Com. Vânători.",
      "MRJ. Târgu Mureş.",
      "Mun. Reghin.",
      "Mun. Sighişoara.",
      "Mun. Târnăveni.",
      "Orş. Iernut.",
      "Orş. Sovata.",
      "Orş. Sângeorgiu de Pădure.",
      "Sat Bahnea, Com. Bahnea",
      "Sat Band, Com. Band",
      "Sat Băla, Com. Băla",
      "Sat Bălăuşeri, Com. Bălăuşeri",
      "Sat Cheţani, Com. Cheţani",
      "Sat Gorneşti, Com. Gorneşti",
      "Sat Gurghiu, Com. Gurghiu",
      "Sat Găneşti, Com. Găneşti",
      "Sat Miheşu de Câmpie, Com. Miheşu de Câmpie",
      "Sat Măgherani, Com. Măgherani",
      "Sat Râciu, Com. Râciu",
      "Sat Sâncraiu de Mureş, Com. Sâncraiu de Mureş",
      "Sat Sântana de Mureş, Com. Sântana de Mureş",
      "Sat Sărmaşu, Orş. Sărmaşu",
      "Sat Zau de Câmpie, Com. Zau de Câmpie",
      "Sat Şincai, Com. Şincai"
    ],
    "NEAMŢ": [
      "MRJ. Piatra Neamţ.",
      "Mun. Roman.",
      "Orş. Bicaz.",
      "Orş. Roznov.",
      "Orş. Târgu Neamţ.",
      "Sat Bisericani, Com. Alexandru cel Bun",
      "Sat Bodeşti, Com. Bodeşti",
      "Sat Boghicea, Com. Boghicea",
      "Sat Borca, Com. Borca",
      "Sat Borleşti, Com. Borleşti",
      "Sat Boteşti, Com. Boteşti",
      "Sat Brusturi, Com. Brusturi",
      "Sat Cândeşti, Com. Cândeşti",
      "Sat Girov, Com. Girov",
      "Sat Grinţieş, Com. Grinţieş",
      "Sat Grumăzeşti, Com. Grumăzeşti",
      "Sat Horia, Com. Horia",
      "Sat Ivaneş, Com. Bicaz-Chei",
      "Sat Oniceni, Com. Oniceni",
      "Sat Petricani, Com. Petricani",
      "Sat Pipirig, Com. Pipirig",
      "Sat Poiana Teiului, Com. Poiana Teiului",
      "Sat Poloboc, Com. Rediu",
      "Sat Rediu, Com. Rediu",
      "Sat Români, Com. Români",
      "Sat Ruginoasa, Com. Ruginoasa",
      "Sat Răuceşti, Com. Răuceşti",
      "Sat Săbăoani, Com. Săbăoani",
      "Sat Timişeşti, Com. Timişeşti",
      "Sat Tupilaţi, Com. Tupilaţi",
      "Sat Ştefan cel Mare, Com. Ştefan cel Mare",
      "Sat Ţibucani, Com. Ţibucani"
    ],
    "OLT": [
      "Com. Ghimpeţeni.",
      "Com. Gura Padinii.",
      "Com. Valea Mare.",
      "MRJ. Slatina.",
      "Mun. Caracal.",
      "Orş. Balş.",
      "Orş. Corabia.",
      "Orş. Drăgăneşti-Olt.",
      "Orş. Potcoava.",
      "Orş. Scorniceşti.",
      "Sat Baldovineşti, Com. Baldovineşti",
      "Sat Bobiceşti, Com. Bobiceşti",
      "Sat Brastavăţu, Com. Brastavăţu",
      "Sat Brebeni, Com. Brebeni",
      "Sat Băbiciu, Com. Băbiciu",
      "Sat Bălteni, Com. Bălteni",
      "Sat Bărbălăi, Com. Tătuleşti",
      "Sat Cherleştii din Deal, Com. Teslui",
      "Sat Cilieni, Com. Cilieni",
      "Sat Ciocăneşti, Com. Bărăşti",
      "Sat Coloneşti, Com. Coloneşti",
      "Sat Corbu, Com. Corbu",
      "Sat Coteana, Com. Coteana",
      "Sat Crâmpoia, Com. Crâmpoia",
      "Sat Curtişoara, Com. Curtişoara",
      "Sat Dobrun, Com. Dobrun",
      "Sat Dăneasa, Com. Dăneasa",
      "Sat Făgeţelu, Com. Făgeţelu",
      "Sat Fărcaşele, Com. Fărcaşele",
      "Sat Giuvărăşti, Com. Giuvărăşti",
      "Sat Gostavăţu, Com. Gostavăţu",
      "Sat Găneasa, Com. Găneasa",
      "Sat Găvăneşti, Com. Găvăneşti",
      "Sat Ianca, Com. Ianca",
      "Sat Izbiceni, Com. Izbiceni",
      "Sat Izvoarele, Com. Izvoarele",
      "Sat Mihăeşti, Com. Mihăeşti",
      "Sat Morunglav, Com. Morunglav",
      "Sat Moşteni, Com. Schitu",
      "Sat Mărgăriteşti, Com. Voineasa",
      "Sat Mărunţei, Com. Mărunţei",
      "Sat Nicolae Titulescu, Com. Nicolae Titulescu",
      "Sat Oboga, Com. Oboga",
      "Sat Obârşia, Com. Obârşia",
      "Sat Orlea Nouă, Com. Orlea",
      "Sat Osica de Jos, Com. Osica de Jos",
      "Sat Perieţi, Com. Perieţi",
      "Sat Piatra, Orş. Piatra-Olt",
      "Sat Radomireşti, Com. Radomireşti",
      "Sat Redea, Com. Redea",
      "Sat Seaca, Com. Seaca",
      "Sat Stoicăneşti, Com. Stoicăneşti",
      "Sat Strejeşti, Com. Strejeşti",
      "Sat Sâmbureşti, Com. Sâmbureşti",
      "Sat Traian, Com. Traian",
      "Sat Tufeni, Com. Tufeni",
      "Sat Urzica, Com. Urzica",
      "Sat Vitomireşti, Com. Vitomireşti",
      "Sat Vităneşti, Com. Sârbii-Măgura",
      "Sat Vultureşti, Com. Vultureşti",
      "Sat Vâlcele, Com. Vâlcele",
      "Sat Vădastra, Com. Vădastra",
      "Sat Vădăstriţa, Com. Vădăstriţa",
      "Sat Văleni, Com. Văleni",
      "Sat Şerbăneşti, Com. Şerbăneşti",
      "Sat Şopârliţa, Com. Şopârliţa",
      "Sat Ştefan cel Mare, Com. Ştefan cel Mare"
    ],
    "PRAHOVA": [
      "Com. Ariceştii Zeletin.",
      "Com. Baba Ana.",
      "Com. Balta Doamnei.",
      "Com. Băneşti.",
      "Com. Cărbuneşti.",
      "Com. Drajna.",
      "Com. Filipeştii de Pădure.",
      "Com. Gherghiţa.",
      "Com. Gornet-Cricov.",
      "Com. Gura Vitioarei.",
      "Com. Iordăcheanu.",
      "Com. Măgurele.",
      "Com. Măneciu.",
      "Com. Plopu.",
      "Com. Poiana Câmpina.",
      "Com. Poseşti.",
      "Com. Proviţa de Jos.",
      "Com. Proviţa de Sus.",
      "Com. Salcia.",
      "Com. Starchiojd.",
      "Com. Teişani.",
      "Com. Tătaru.",
      "Com. Şirna.",
      "MRJ. Ploieşti.",
      "Mun. Câmpina.",
      "Orş. Boldeşti-Scăeni.",
      "Orş. Breaza.",
      "Orş. Băicoi.",
      "Orş. Comarnic.",
      "Orş. Plopeni.",
      "Orş. Sinaia.",
      "Orş. Slănic.",
      "Orş. Vălenii de Munte.",
      "Sat Aluniş, Com. Aluniş",
      "Sat Ariceştii Rahtivani, Com. Ariceştii Rahtivani",
      "Sat Bertea, Com. Bertea",
      "Sat Bucov, Com. Bucov",
      "Sat Bălţeşti, Com. Bălţeşti",
      "Sat Ceraşu, Com. Ceraşu",
      "Sat Cocorăştii Mislii, Com. Cocorăştii Mislii",
      "Sat Cornu de Jos, Com. Cornu",
      "Sat Drăgăneşti, Com. Drăgăneşti",
      "Sat Dumbrava, Com. Dumbrava",
      "Sat Dumbrăveşti, Com. Dumbrăveşti",
      "Sat Filipeştii de Târg, Com. Filipeştii de Târg",
      "Sat Gura Vadului, Com. Gura Vadului",
      "Sat Moara Domnească, Com. Râfov",
      "Sat Măneşti, Com. Măneşti",
      "Sat Puchenii Mari, Com. Puchenii Mari",
      "Sat Scorţeni, Com. Scorţeni",
      "Sat Strejnicu, Com. Târgşoru Vechi",
      "Sat Sârca, Com. Scorţeni",
      "Sat Sălciile, Com. Sălciile",
      "Sat Tinosu, Com. Tinosu",
      "Sat Valea Călugărească, Com. Valea Călugărească",
      "Sat Vărbilău, Com. Vărbilău",
      "Sat Ştefeşti, Com. Ştefeşti"
    ],
    "SATU MARE": [
      "Com. Agriş.",
      "Com. Apa.",
      "Com. Bătarci.",
      "Com. Certeze.",
      "Com. Crucişor.",
      "Com. Călineşti-Oaş.",
      "Com. Cămin.",
      "Com. Căpleni.",
      "Com. Petreşti.",
      "Com. Pomi.",
      "Com. Santău.",
      "Com. Socond.",
      "Com. Tarna Mare.",
      "Com. Urziceni.",
      "MRJ. Satu Mare.",
      "Mun. Carei.",
      "Orş. Ardud.",
      "Orş. Livada.",
      "Orş. Negreşti-Oaş.",
      "Orş. Tăşnad.",
      "Sat Bârsău de Sus, Com. Bârsău",
      "Sat Culciu Mare, Com. Culciu",
      "Sat Căuaş, Com. Căuaş",
      "Sat Lazuri, Com. Lazuri",
      "Sat Medieşu Aurit, Com. Medieşu Aurit",
      "Sat Odoreu, Com. Odoreu",
      "Sat Pişcolt, Com. Pişcolt",
      "Sat Păuleşti, Com. Păuleşti",
      "Sat Valea Vinului, Com. Valea Vinului",
      "Sat Vetiş, Com. Vetiş"
    ],
    "SIBIU": [
      "Com. Aţel.",
      "Com. Dârlos.",
      "MRJ. Sibiu.",
      "Mun. Mediaş.",
      "Orş. Agnita.",
      "Orş. Avrig.",
      "Orş. Copşa Mică.",
      "Orş. Ocna Sibiului.",
      "Sat Arpaşu de Jos, Com. Arpaşu de Jos",
      "Sat Bazna, Com. Bazna",
      "Sat Biertan, Com. Biertan",
      "Sat Boiţa, Com. Boiţa",
      "Sat Chirpăr, Com. Chirpăr",
      "Sat Cristian, Com. Cristian",
      "Sat Gura Râului, Com. Gura Râului",
      "Sat Loamneş, Com. Loamneş",
      "Sat Orlat, Com. Orlat",
      "Sat Porumbacu de Jos, Com. Porumbacu de Jos",
      "Sat Porumbacu de Sus, Com. Porumbacu de Jos",
      "Sat Păuca, Com. Păuca",
      "Sat Racoviţa, Com. Racoviţa",
      "Sat Roşia, Com. Roşia",
      "Sat Sadu, Com. Sadu",
      "Sat Slimnic, Com. Slimnic",
      "Sat Şeica Mare, Com. Şeica Mare"
    ],
    "SUCEAVA": [
      "Com. Bălăceana.",
      "Com. Coşna.",
      "Com. Drăgoieşti.",
      "Com. Iaslovăţ.",
      "Com. Zamostea.",
      "Loc. Frasin, Orş. Frasin",
      "MRJ. Suceava.",
      "Mun. Câmpulung Moldovenesc.",
      "Mun. Fălticeni.",
      "Mun. Vatra-Dornei.",
      "Orş. Broşteni.",
      "Orş. Gura Humorului.",
      "Orş. Milişăuţi.",
      "Orş. Siret.",
      "Orş. Solca.",
      "Orş. Vicovu de Sus.",
      "Sat Adâncata, Com. Adâncata",
      "Sat Arbore, Com. Arbore",
      "Sat Baia, Com. Baia",
      "Sat Bilca, Com. Bilca",
      "Sat Bogdăneşti, Com. Bogdăneşti",
      "Sat Boroaia, Com. Boroaia",
      "Sat Bosanci, Com. Bosanci",
      "Sat Botoşana, Com. Botoşana",
      "Sat Buneşti, Com. Buneşti",
      "Sat Bălcăuţi, Com. Bălcăuţi",
      "Sat Cacica, Com. Cacica",
      "Sat Cajvana, Orş. Cajvana",
      "Sat Calafindeşti, Com. Calafindeşti",
      "Sat Ciocăneşti, Com. Ciocăneşti",
      "Sat Colacu, Com. Fundu Moldovei",
      "Sat Cornu Luncii, Com. Cornu Luncii",
      "Sat Dorna Candrenilor, Com. Dorna Candrenilor",
      "Sat Dorna-Arini, Com. Dorna-Arini",
      "Sat Forăşti, Com. Forăşti",
      "Sat Frătăuţii Vechi, Com. Frătăuţii Vechi",
      "Sat Fundu Moldovei, Com. Fundu Moldovei",
      "Sat Fântâna Mare, Com. Fântâna Mare",
      "Sat Gălăneşti, Com. Gălăneşti",
      "Sat Horodniceni, Com. Horodniceni",
      "Sat Hănţeşti, Com. Hănţeşti",
      "Sat Iacobeni, Com. Iacobeni",
      "Sat Ipoteşti, Com. Ipoteşti",
      "Sat Marginea, Com. Marginea",
      "Sat Moldoviţa, Com. Moldoviţa",
      "Sat Muşeniţa, Com. Muşeniţa",
      "Sat Mălini, Com. Mălini",
      "Sat Mănăstirea Humorului, Com. Mănăstirea Humorului",
      "Sat Măzănăeşti, Com. Drăgoieşti",
      "Sat Panaci, Com. Panaci",
      "Sat Poiana Stampei, Com. Poiana Stampei",
      "Sat Putna, Com. Putna",
      "Sat Păltinoasa, Com. Păltinoasa",
      "Sat Râşca, Com. Râşca",
      "Sat Rădăşeni, Com. Rădăşeni",
      "Sat Sadova, Com. Sadova",
      "Sat Slatina, Com. Slatina",
      "Sat Straja, Com. Straja",
      "Sat Stroieşti, Com. Stroieşti",
      "Sat Stulpicani, Com. Stulpicani",
      "Sat Vadu Moldovei, Com. Vadu Moldovei",
      "Sat Voitinel, Com. Voitinel",
      "Sat Zvoriştea, Com. Zvoriştea"
    ],
    "SĂLAJ": [
      "Com. Vârşolţ.",
      "MRJ. Zalău.",
      "Orş. Şimleu Silvaniei.",
      "Sat Almaşu, Com. Almaşu",
      "Sat Bocşa, Com. Bocşa",
      "Sat Buciumi, Com. Buciumi",
      "Sat Băbeni, Com. Băbeni",
      "Sat Bălan, Com. Bălan",
      "Sat Camăr, Com. Camăr",
      "Sat Carastelec, Com. Carastelec",
      "Sat Chieşd, Com. Chieşd",
      "Sat Cizer, Com. Cizer",
      "Sat Crasna, Com. Crasna",
      "Sat Creaca, Com. Creaca",
      "Sat Cristolţ, Com. Cristolţ",
      "Sat Cuzăplac, Com. Cuzăplac",
      "Sat Fildu de Jos, Com. Fildu de Jos",
      "Sat Gârbou, Com. Gârbou",
      "Sat Halmăşd, Com. Halmăşd",
      "Sat Ileanda, Com. Ileanda",
      "Sat Ip, Com. Ip",
      "Sat Meseşenii de Jos, Com. Meseşenii de Jos",
      "Sat Mirşid, Com. Mirşid",
      "Sat Nuşfalău, Com. Nuşfalău",
      "Sat Pericei, Com. Pericei",
      "Sat Poiana Blenchii, Com. Poiana Blenchii",
      "Sat Someş-Odorhei, Com. Someş-Odorhei",
      "Sat Zalha, Com. Zalha",
      "Sat Zimbor, Com. Zimbor",
      "Sat Şamşud, Com. Şamşud"
    ],
    "TELEORMAN": [
      "Com. Beuca.",
      "Com. Botoroaga.",
      "Com. Bragadiru.",
      "Com. Brânceni.",
      "Com. Bujoru.",
      "Com. Buzescu.",
      "Com. Băbăiţa.",
      "Com. Ciolăneşti.",
      "Com. Ciuperceni.",
      "Com. Conţeşti.",
      "Com. Cosmeşti.",
      "Com. Crevenicu.",
      "Com. Călineşti.",
      "Com. Dideşti.",
      "Com. Dobroteşti.",
      "Com. Dracea.",
      "Com. Drăcşenei.",
      "Com. Drăgăneşti de Vede.",
      "Com. Drăgăneşti-Vlaşca.",
      "Com. Frăsinet.",
      "Com. Furculeşti.",
      "Com. Islaz.",
      "Com. Lunca.",
      "Com. Mereni.",
      "Com. Moşteni.",
      "Com. Mârzăneşti.",
      "Com. Măgura.",
      "Com. Nanov.",
      "Com. Nenciuleşti.",
      "Com. Piatra.",
      "Com. Pietroşani.",
      "Com. Plosca.",
      "Com. Poeni.",
      "Com. Poroschia.",
      "Com. Purani.",
      "Com. Segarcea-Vale.",
      "Com. Suhaia.",
      "Com. Talpa.",
      "Com. Tătărăştii de Jos.",
      "Com. Viişoara.",
      "Com. Vârtoapele.",
      "Com. Zâmbreasca.",
      "MRJ. Alexandria.",
      "Mun. Roşiori de Vede.",
      "Mun. Turnu Măgurele.",
      "Orş. Zimnicea.",
      "Sat Crângeni, Com. Crângeni",
      "Sat Olteni, Com. Olteni",
      "Sat Sârbenii de Jos, Com. Sârbeni"
    ],
    "TIMIŞ": [
      "Com. Belint.",
      "Com. Bethausen.",
      "Com. Biled.",
      "Com. Boldur.",
      "Com. Cenad.",
      "Com. Chevereşu Mare.",
      "Com. Criciova.",
      "Com. Cărpiniş.",
      "Com. Darova.",
      "Com. Denta.",
      "Com. Dudeştii Vechi.",
      "Com. Foeni.",
      "Com. Fârdea.",
      "Com. Gavojdia.",
      "Com. Giarmata.",
      "Com. Iecea Mare.",
      "Com. Jamu Mare.",
      "Com. Jebel.",
      "Com. Margina.",
      "Com. Maşloc.",
      "Com. Moraviţa.",
      "Com. Moşniţa Nouă.",
      "Com. Niţchidorf.",
      "Com. Ortişoara.",
      "Com. Peciu Nou.",
      "Com. Periam.",
      "Com. Sacoşu Turcesc.",
      "Com. Sânmihaiu Român.",
      "Com. Tomeşti.",
      "Com. Topolovăţu Mare.",
      "Com. Tormac.",
      "Com. Şandra.",
      "MRJ. Timişoara.",
      "Mun. Lugoj.",
      "Orş. Buziaş.",
      "Orş. Ciacova.",
      "Orş. Deta.",
      "Orş. Făget.",
      "Orş. Gătaia.",
      "Orş. Jimbolia.",
      "Orş. Sânnicolau Mare.",
      "Sat Bucovăţ, Com. Bucovăţ",
      "Sat Carani, Com. Sânandrei",
      "Sat Cenei, Com. Cenei",
      "Sat Chişoda, Com. Giroc",
      "Sat Coşteiu, Com. Coşteiu",
      "Sat Dumbrăviţa, Com. Dumbrăviţa",
      "Sat Ghiroda, Com. Ghiroda",
      "Sat Gottlob, Com. Gottlob",
      "Sat Liebling, Com. Liebling",
      "Sat Mănăştiur, Com. Mănăştiur",
      "Sat Pesac, Com. Pesac",
      "Sat Pietroasa, Com. Pietroasa",
      "Sat Pădureni, Com. Pădureni",
      "Sat Satchinez, Com. Satchinez",
      "Sat Săcălaz, Com. Săcălaz",
      "Sat Traian Vuia, Com. Traian Vuia",
      "Sat Vălcani, Com. Vălcani",
      "Sat Ştiuca, Com. Ştiuca"
    ],
    "TULCEA": [
      "Com. Beidaud.",
      "Com. Carcaliu.",
      "Com. Ceamurlia de Jos.",
      "Com. Greci.",
      "Com. Hamcearca.",
      "Com. Horia.",
      "Com. Luncaviţa.",
      "Com. Ostrov.",
      "Com. Sfântu Gheorghe.",
      "Com. Somova.",
      "Com. Topolog.",
      "Com. Valea Teilor.",
      "MRJ. Tulcea.",
      "Orş. Babadag.",
      "Orş. Isaccea.",
      "Orş. Sulina.",
      "Sat Casimcea, Com. Casimcea",
      "Sat Dorobanţu, Com. Dorobanţu",
      "Sat Dăeni, Com. Dăeni",
      "Sat Greci, Com. Greci",
      "Sat Izvoarele, Com. Izvoarele",
      "Sat Jurilovca, Com. Jurilovca",
      "Sat Mihai Bravu, Com. Mihai Bravu",
      "Sat Mihail Kogălniceanu, Com. Mihail Kogălniceanu",
      "Sat Mila 23, Com. Crişan",
      "Sat Peceneaga, Com. Peceneaga",
      "Sat Sarichioi, Com. Sarichioi"
    ],
    "VASLUI": [
      "Com. Alexandru Vlahuţă.",
      "Com. Arsura.",
      "Com. Blăgeşti.",
      "Com. Bogdăniţa.",
      "Com. Băcani.",
      "Com. Băceşti.",
      "Com. Bălteni.",
      "Com. Codăeşti.",
      "Com. Costeşti.",
      "Com. Deleşti.",
      "Com. Duda-Epureni.",
      "Com. Ghergheşti.",
      "Com. Gârceni.",
      "Com. Găgeşti.",
      "Com. Hoceni.",
      "Com. Lipovăţ.",
      "Com. Lunca Banului.",
      "Com. Oşeşti.",
      "Com. Pogana.",
      "Com. Puieşti.",
      "Com. Pungeşti.",
      "Com. Rebricea.",
      "Com. Stănileşti.",
      "Com. Todireşti.",
      "Com. Vinderei.",
      "Com. Vultureşti.",
      "Com. Vutcani.",
      "Com. Zorleni.",
      "Com. Şuletea.",
      "MRJ. Vaslui.",
      "Mun. Bârlad.",
      "Mun. Huşi.",
      "Orş. Murgeni.",
      "Orş. Negreşti.",
      "Sat Albeşti, Com. Albeşti",
      "Sat Bogdana, Com. Bogdana",
      "Sat Bogdăneşti, Com. Bogdăneşti",
      "Sat Borodeşti, Com. Pochidia",
      "Sat Băleşti, Com. Cozmeşti",
      "Sat Dodeşti, Com. Dodeşti",
      "Sat Dragomireşti, Com. Dragomireşti",
      "Sat Dumeşti, Com. Dumeşti",
      "Sat Dăneşti, Com. Dăneşti",
      "Sat Epureni, Com. Epureni",
      "Sat Fereşti, Com. Fereşti",
      "Sat Fruntişeni, Com. Fruntişeni",
      "Sat Fălciu, Com. Fălciu",
      "Sat Ibăneşti, Com. Ibăneşti",
      "Sat Ivăneşti, Com. Ivăneşti",
      "Sat Micleşti, Com. Micleşti",
      "Sat Perieni, Com. Perieni",
      "Sat Poieneşti, Com. Poieneşti",
      "Sat Puşcaşi, Com. Puşcaşi",
      "Sat Pârveşti, Com. Costeşti",
      "Sat Pădureni, Com. Pădureni",
      "Sat Rafaila, Com. Rafaila",
      "Sat Roşieşti, Com. Roşieşti",
      "Sat Tanacu, Com. Tanacu",
      "Sat Tutova, Com. Tutova",
      "Sat Tăcuta, Com. Tăcuta",
      "Sat Tătărăni, Com. Tătărăni",
      "Sat Vetrişoaia, Com. Vetrişoaia",
      "Sat Viişoara, Com. Viişoara",
      "Sat Văleni, Com. Văleni"
    ],
    "VRANCEA": [
      "Com. Ciorăşti.",
      "Com. Dumitreşti.",
      "Com. Jitia.",
      "Com. Păuleşti.",
      "Com. Păuneşti.",
      "Com. Sihlea.",
      "Com. Slobozia Bradului.",
      "Com. Străoane.",
      "Com. Vârteşcoiu.",
      "MRJ. Focşani.",
      "Mun. Adjud.",
      "Orş. Mărăşeşti.",
      "Orş. Odobeşti.",
      "Orş. Panciu.",
      "Sat Bilieşti, Com. Bilieşti",
      "Sat Bordeşti, Com. Bordeşti",
      "Sat Broşteni, Com. Broşteni",
      "Sat Corbiţa, Com. Corbiţa",
      "Sat Dumbrăveni, Com. Dumbrăveni",
      "Sat Gugeşti, Com. Gugeşti",
      "Sat Jariştea, Com. Jariştea",
      "Sat Moviliţa, Com. Moviliţa",
      "Sat Năruja, Com. Năruja",
      "Sat Popeşti, Com. Popeşti",
      "Sat Suraia, Com. Suraia",
      "Sat Tulnici, Com. Tulnici",
      "Sat Tâmboeşti, Com. Tâmboeşti",
      "Sat Vidra, Com. Vidra",
      "Sat Vintileasca, Com. Vintileasca",
      "Sat Vizantea Razaseasca, Com. Vizantea-Livezi"
    ],
    "VÂLCEA": [
      "Com. Alunu.",
      "Com. Buneşti.",
      "Com. Costeşti.",
      "Com. Frânceşti.",
      "Com. Ghioroiu.",
      "Com. Grădiştea.",
      "Com. Livezi.",
      "Com. Mateeşti.",
      "Com. Milcoiu.",
      "Com. Măldăreşti.",
      "Com. Olanu.",
      "Com. Oteşani.",
      "Com. Pietrari.",
      "Com. Prundeni.",
      "Com. Roeşti.",
      "Com. Stoileşti.",
      "Com. Vaideeni.",
      "Com. Zătreni.",
      "Com. Ştefăneşti.",
      "Com. Şuşani.",
      "MRJ. Râmnicu Vâlcea.",
      "Mun. Drăgăşani.",
      "Orş. Berbeşti.",
      "Orş. Brezoi.",
      "Orş. Băile Olăneşti.",
      "Orş. Bălceşti.",
      "Orş. Călimăneşti.",
      "Orş. Horezu.",
      "Orş. Ocnele Mari.",
      "Sat Creţeni, Com. Creţeni",
      "Sat Lungeşti, Com. Lungeşti",
      "Sat Rotărăşti, Com. Nicolae Bălcescu",
      "Sat Voineasa, Com. Voineasa"
    ]
  },
  "patterns": {
    "sector": {
      "count": 2126,
      "examples": [
        "Sec. 1, Mun. Bucureşti",
        "Sec. 5, Mun. Bucureşti",
        "Sec. 3, Mun. Bucureşti",
        "Sec. 2, Mun. Bucureşti",
        "Sec. 4, Mun. Bucureşti",
        "Sec. 6, Mun. Bucureşti"
      ]
    },
    "municipiu": {
      "count": 855,
      "examples": [
        "Mun. Orăştie.",
        "Mun. Petroşani.",
        "Mun. Olteniţa.",
        "Mun. Urziceni.",
        "Mun. Turda.",
        "Mun. Mangalia.",
        "Mun. Paşcani.",
        "Mun. Tecuci.",
        "Mun. Făgăraş.",
        "Mun. Dej."
      ]
    },
    "oras": {
      "count": 1073,
      "examples": [
        "Orş. Darabani.",
        "Orş. Voluntari.",
        "Orş. Gura Humorului.",
        "Orş. Hârlău.",
        "Orş. Zlatna.",
        "Orş. Plopeni.",
        "Orş. Săcueni.",
        "Orş. Şimleu Silvaniei.",
        "Orş. Năsăud.",
        "Orş. Oraviţa."
      ]
    },
    "comuna": {
      "count": 1289,
      "examples": [
        "Com. Mereşti.",
        "Com. Poeni.",
        "Com. Costeşti.",
        "Com. Mihalţ.",
        "Com. Bughea de Sus.",
        "Com. Stoileşti.",
        "Com. Segarcea-Vale.",
        "Com. Viişoara.",
        "Com. Tomeşti.",
        "Com. Pânceşti."
      ]
    },
    "sat": {
      "count": 2759,
      "examples": [
        "Sat Galicea Mare, Com. Galicea Mare",
        "Sat Bălăuşeri, Com. Bălăuşeri",
        "Sat Lelese, Com. Lelese",
        "Sat Sâncraiu de Mureş, Com. Sâncraiu de Mureş",
        "Sat Independenţa, Com. Independenţa",
        "Sat Tismana, Orş. Tismana",
        "Sat Grindu, Com. Grindu",
        "Sat Răscăeţi, Com. Răscăeţi",
        "Sat Tăuteu, Com. Tăuteu",
        "Sat Mihăileşti, Com. Mihăileşti"
      ]
    },
    "mrj": {
      "count": 1851,
      "examples": [
        "MRJ. Sfântu Gheorghe.",
        "MRJ. Bacău.",
        "MRJ. Deva.",
        "MRJ. Satu Mare.",
        "MRJ. Drobeta-Turnu Severin.",
        "MRJ. Craiova.",
        "MRJ. Sibiu.",
        "MRJ. Alexandria.",
        "MRJ. Iaşi.",
        "MRJ. Piteşti."
      ]
    },
    "other": {
      "count": 47,
      "examples": [
        "Loc. Viişoara, MRJ. Bistriţa",
        "Loc. Bucecea, Orş. Bucecea",
        "Loc. Ştefăneşti, Orş. Ştefăneşti",
        "Loc. Eforie Nord, Orş. Eforie",
        "Loc. Frasin, Orş. Frasin"
      ]
    }
  },
  "patternsByCounty": {
    "MUNICIPIUL BUCUREŞTI": {
      "sector": {
        "count": 2126,
        "examples": [
          "Sec. 1, Mun. Bucureşti",
          "Sec. 5, Mun. Bucureşti",
          "Sec. 3, Mun. Bucureşti",
          "Sec. 2, Mun. Bucureşti",
          "Sec. 4, Mun. Bucureşti"
        ]
      }
    },
    "BOTOŞANI": {
      "municipiu": {
        "count": 7,
        "examples": [
          "Mun. Dorohoi."
        ]
      },
      "oras": {
        "count": 10,
        "examples": [
          "Orş. Darabani.",
          "Orş. Săveni.",
          "Orş. Flămânzi."
        ]
      },
      "comuna": {
        "count": 5,
        "examples": [
          "Com. Cândeşti.",
          "Com. Lozna.",
          "Com. Dersca."
        ]
      },
      "sat": {
        "count": 107,
        "examples": [
          "Sat Roma, Com. Roma",
          "Sat Hilişeu-Horia, Com. Hilişeu-Horia",
          "Sat Broscăuţi, Com. Broscăuţi",
          "Sat George Enescu, Com. George Enescu",
          "Sat Pomârla, Com. Pomârla"
        ]
      },
      "mrj": {
        "count": 64,
        "examples": [
          "MRJ. Botoşani."
        ]
      },
      "other": {
        "count": 36,
        "examples": [
          "Loc. Bucecea, Orş. Bucecea",
          "Loc. Ştefăneşti, Orş. Ştefăneşti"
        ]
      }
    },
    "DOLJ": {
      "municipiu": {
        "count": 4,
        "examples": [
          "Mun. Calafat."
        ]
      },
      "oras": {
        "count": 1,
        "examples": [
          "Orş. Filiaşi."
        ]
      },
      "comuna": {
        "count": 29,
        "examples": [
          "Com. Rojişte.",
          "Com. Bucovăţ.",
          "Com. Daneţi.",
          "Com. Castranova.",
          "Com. Goieşti."
        ]
      },
      "sat": {
        "count": 41,
        "examples": [
          "Sat Galicea Mare, Com. Galicea Mare",
          "Sat Moţăţei, Com. Moţăţei",
          "Sat Brădeşti, Com. Brădeşti",
          "Sat Bârca, Com. Bârca",
          "Sat Cetate, Com. Cetate"
        ]
      },
      "mrj": {
        "count": 86,
        "examples": [
          "MRJ. Craiova."
        ]
      }
    },
    "COVASNA": {
      "municipiu": {
        "count": 12,
        "examples": [
          "Mun. Târgu Secuiesc."
        ]
      },
      "oras": {
        "count": 9,
        "examples": [
          "Orş. Covasna.",
          "Orş. Întorsura Buzăului."
        ]
      },
      "comuna": {
        "count": 35,
        "examples": [
          "Com. Mereni.",
          "Com. Reci.",
          "Com. Dobârlău.",
          "Com. Chichiş.",
          "Com. Zagon."
        ]
      },
      "sat": {
        "count": 24,
        "examples": [
          "Sat Moacşa, Com. Moacşa",
          "Sat Barcani, Com. Barcani",
          "Sat Chichiş, Com. Chichiş",
          "Sat Micloşoara, Orş. Baraolt",
          "Sat Saciova, Com. Reci"
        ]
      },
      "mrj": {
        "count": 63,
        "examples": [
          "MRJ. Sfântu Gheorghe."
        ]
      }
    },
    "BACĂU": {
      "municipiu": {
        "count": 18,
        "examples": [
          "Mun. Oneşti.",
          "Mun. Moineşti."
        ]
      },
      "oras": {
        "count": 42,
        "examples": [
          "Orş. Comăneşti.",
          "Orş. Slănic Moldova.",
          "Orş. Dărmăneşti.",
          "Orş. Târgu Ocna."
        ]
      },
      "comuna": {
        "count": 75,
        "examples": [
          "Com. Pânceşti.",
          "Com. Filipeşti.",
          "Com. Ghimeş-Făget.",
          "Com. Mănăstirea Caşin.",
          "Com. Helegiu."
        ]
      },
      "sat": {
        "count": 7,
        "examples": [
          "Sat Iteşti, Com. Iteşti",
          "Sat Oituz, Com. Oituz",
          "Sat Filipeşti, Com. Bogdăneşti",
          "Sat Blăgeşti, Com. Blăgeşti"
        ]
      },
      "mrj": {
        "count": 20,
        "examples": [
          "MRJ. Bacău."
        ]
      }
    },
    "MUREŞ": {
      "municipiu": {
        "count": 33,
        "examples": [
          "Mun. Târnăveni.",
          "Mun. Sighişoara.",
          "Mun. Reghin."
        ]
      },
      "oras": {
        "count": 27,
        "examples": [
          "Orş. Iernut.",
          "Orş. Sovata.",
          "Orş. Sângeorgiu de Pădure."
        ]
      },
      "comuna": {
        "count": 108,
        "examples": [
          "Com. Bogata.",
          "Com. Cucerdea.",
          "Com. Beica de Jos.",
          "Com. Aluniş.",
          "Com. Cristeşti."
        ]
      },
      "sat": {
        "count": 43,
        "examples": [
          "Sat Bălăuşeri, Com. Bălăuşeri",
          "Sat Sâncraiu de Mureş, Com. Sâncraiu de Mureş",
          "Sat Zau de Câmpie, Com. Zau de Câmpie",
          "Sat Măgherani, Com. Măgherani",
          "Sat Râciu, Com. Râciu"
        ]
      },
      "mrj": {
        "count": 25,
        "examples": [
          "MRJ. Târgu Mureş."
        ]
      }
    },
    "HUNEDOARA": {
      "municipiu": {
        "count": 115,
        "examples": [
          "Mun. Orăştie.",
          "Mun. Petroşani.",
          "Mun. Lupeni.",
          "Mun. Hunedoara.",
          "Mun. Brad."
        ]
      },
      "oras": {
        "count": 85,
        "examples": [
          "Orş. Simeria.",
          "Orş. Petrila.",
          "Orş. Călan.",
          "Orş. Uricani.",
          "Orş. Aninoasa."
        ]
      },
      "sat": {
        "count": 81,
        "examples": [
          "Sat Lelese, Com. Lelese",
          "Sat Bretea Română, Com. Bretea Română",
          "Sat Râu de Mori, Com. Râu de Mori",
          "Sat Sântămăria-Orlea, Com. Sântămăria-Orlea",
          "Sat Băniţa, Com. Băniţa"
        ]
      },
      "mrj": {
        "count": 74,
        "examples": [
          "MRJ. Deva."
        ]
      }
    },
    "SATU MARE": {
      "municipiu": {
        "count": 32,
        "examples": [
          "Mun. Carei."
        ]
      },
      "oras": {
        "count": 28,
        "examples": [
          "Orş. Ardud.",
          "Orş. Negreşti-Oaş.",
          "Orş. Tăşnad.",
          "Orş. Livada."
        ]
      },
      "comuna": {
        "count": 35,
        "examples": [
          "Com. Călineşti-Oaş.",
          "Com. Socond.",
          "Com. Urziceni.",
          "Com. Cămin.",
          "Com. Tarna Mare."
        ]
      },
      "sat": {
        "count": 28,
        "examples": [
          "Sat Culciu Mare, Com. Culciu",
          "Sat Lazuri, Com. Lazuri",
          "Sat Pişcolt, Com. Pişcolt",
          "Sat Odoreu, Com. Odoreu",
          "Sat Vetiş, Com. Vetiş"
        ]
      },
      "mrj": {
        "count": 16,
        "examples": [
          "MRJ. Satu Mare."
        ]
      }
    },
    "MEHEDINŢI": {
      "municipiu": {
        "count": 3,
        "examples": [
          "Mun. Orşova."
        ]
      },
      "oras": {
        "count": 4,
        "examples": [
          "Orş. Vânju Mare.",
          "Orş. Baia de Aramă."
        ]
      },
      "comuna": {
        "count": 43,
        "examples": [
          "Com. Podeni.",
          "Com. Bala.",
          "Com. Salcia.",
          "Com. Broşteni.",
          "Com. Livezile."
        ]
      },
      "sat": {
        "count": 59,
        "examples": [
          "Sat Şimian, Com. Şimian",
          "Sat Poroina Mare, Com. Poroina Mare",
          "Sat Gruia, Com. Gruia",
          "Sat Ponoarele, Com. Ponoarele",
          "Sat Obârşia-Cloşani, Com. Obârşia-Cloşani"
        ]
      },
      "mrj": {
        "count": 62,
        "examples": [
          "MRJ. Drobeta-Turnu Severin."
        ]
      }
    },
    "ILFOV": {
      "oras": {
        "count": 30,
        "examples": [
          "Orş. Voluntari.",
          "Orş. Măgurele.",
          "Orş. Otopeni.",
          "Orş. Chitila.",
          "Orş. Popeşti-Leordeni."
        ]
      },
      "comuna": {
        "count": 2,
        "examples": [
          "Com. Dascălu."
        ]
      },
      "sat": {
        "count": 42,
        "examples": [
          "Sat Roşu, Com. Chiajna",
          "Sat Măgurele, Orş. Măgurele",
          "Sat Voluntari, Orş. Voluntari",
          "Sat Rudeni, Orş. Chitila",
          "Sat Căldăraru, Com. Cernica"
        ]
      }
    },
    "SIBIU": {
      "municipiu": {
        "count": 3,
        "examples": [
          "Mun. Mediaş."
        ]
      },
      "oras": {
        "count": 8,
        "examples": [
          "Orş. Copşa Mică.",
          "Orş. Agnita.",
          "Orş. Ocna Sibiului.",
          "Orş. Avrig."
        ]
      },
      "comuna": {
        "count": 4,
        "examples": [
          "Com. Aţel.",
          "Com. Dârlos."
        ]
      },
      "sat": {
        "count": 66,
        "examples": [
          "Sat Gura Râului, Com. Gura Râului",
          "Sat Racoviţa, Com. Racoviţa",
          "Sat Sadu, Com. Sadu",
          "Sat Slimnic, Com. Slimnic",
          "Sat Chirpăr, Com. Chirpăr"
        ]
      },
      "mrj": {
        "count": 40,
        "examples": [
          "MRJ. Sibiu."
        ]
      }
    },
    "SUCEAVA": {
      "municipiu": {
        "count": 37,
        "examples": [
          "Mun. Câmpulung Moldovenesc.",
          "Mun. Vatra-Dornei.",
          "Mun. Fălticeni."
        ]
      },
      "oras": {
        "count": 52,
        "examples": [
          "Orş. Gura Humorului.",
          "Orş. Solca.",
          "Orş. Siret.",
          "Orş. Vicovu de Sus.",
          "Orş. Broşteni."
        ]
      },
      "comuna": {
        "count": 18,
        "examples": [
          "Com. Coşna.",
          "Com. Bălăceana.",
          "Com. Zamostea.",
          "Com. Iaslovăţ.",
          "Com. Drăgoieşti."
        ]
      },
      "sat": {
        "count": 181,
        "examples": [
          "Sat Arbore, Com. Arbore",
          "Sat Mălini, Com. Mălini",
          "Sat Slatina, Com. Slatina",
          "Sat Poiana Stampei, Com. Poiana Stampei",
          "Sat Boroaia, Com. Boroaia"
        ]
      },
      "mrj": {
        "count": 73,
        "examples": [
          "MRJ. Suceava."
        ]
      },
      "other": {
        "count": 9,
        "examples": [
          "Loc. Frasin, Orş. Frasin"
        ]
      }
    },
    "TELEORMAN": {
      "municipiu": {
        "count": 12,
        "examples": [
          "Mun. Turnu Măgurele.",
          "Mun. Roşiori de Vede."
        ]
      },
      "oras": {
        "count": 6,
        "examples": [
          "Orş. Zimnicea."
        ]
      },
      "comuna": {
        "count": 122,
        "examples": [
          "Com. Poeni.",
          "Com. Segarcea-Vale.",
          "Com. Viişoara.",
          "Com. Drăgăneşti-Vlaşca.",
          "Com. Moşteni."
        ]
      },
      "sat": {
        "count": 6,
        "examples": [
          "Sat Crângeni, Com. Crângeni",
          "Sat Sârbenii de Jos, Com. Sârbeni",
          "Sat Olteni, Com. Olteni"
        ]
      },
      "mrj": {
        "count": 54,
        "examples": [
          "MRJ. Alexandria."
        ]
      }
    },
    "CONSTANŢA": {
      "municipiu": {
        "count": 11,
        "examples": [
          "Mun. Mangalia."
        ]
      },
      "oras": {
        "count": 33,
        "examples": [
          "Orş. Hârşova.",
          "Orş. Ovidiu.",
          "Orş. Negru Vodă.",
          "Orş. Murfatlar.",
          "Orş. Techirghiol."
        ]
      },
      "comuna": {
        "count": 16,
        "examples": [
          "Com. Crucea.",
          "Com. Băneasa.",
          "Com. Cobadin.",
          "Com. Nicolae Bălcescu."
        ]
      },
      "sat": {
        "count": 92,
        "examples": [
          "Sat Independenţa, Com. Independenţa",
          "Sat Topraisar, Com. Topraisar",
          "Sat Castelu, Com. Castelu",
          "Sat Lumina, Com. Lumina",
          "Sat Mircea Vodă, Com. Mircea Vodă"
        ]
      },
      "mrj": {
        "count": 101,
        "examples": [
          "MRJ. Constanţa."
        ]
      },
      "other": {
        "count": 1,
        "examples": [
          "Loc. Eforie Nord, Orş. Eforie"
        ]
      }
    },
    "GORJ": {
      "municipiu": {
        "count": 12,
        "examples": [
          "Mun. Motru."
        ]
      },
      "oras": {
        "count": 13,
        "examples": [
          "Orş. Rovinari.",
          "Orş. Bumbeşti-Jiu.",
          "Orş. Novaci.",
          "Orş. Ţicleni."
        ]
      },
      "comuna": {
        "count": 11,
        "examples": [
          "Com. Teleşti.",
          "Com. Ciuperceni.",
          "Com. Bălăneşti.",
          "Com. Muşeteşti."
        ]
      },
      "sat": {
        "count": 68,
        "examples": [
          "Sat Tismana, Orş. Tismana",
          "Sat Glogova, Com. Glogova",
          "Sat Bustuchin, Com. Bustuchin",
          "Sat Polovragi, Com. Polovragi",
          "Sat Arcani, Com. Arcani"
        ]
      },
      "mrj": {
        "count": 31,
        "examples": [
          "MRJ. Târgu Jiu."
        ]
      }
    },
    "HARGHITA": {
      "municipiu": {
        "count": 15,
        "examples": [
          "Mun. Gheorgheni.",
          "Mun. Odorheiu Secuiesc.",
          "Mun. Topliţa."
        ]
      },
      "oras": {
        "count": 6,
        "examples": [
          "Orş. Băile Tuşnad.",
          "Orş. Borsec.",
          "Orş. Cristuru Secuiesc."
        ]
      },
      "comuna": {
        "count": 67,
        "examples": [
          "Com. Mereşti.",
          "Com. Şimoneşti.",
          "Com. Săcel.",
          "Com. Gălăuţaş.",
          "Com. Atid."
        ]
      },
      "sat": {
        "count": 43,
        "examples": [
          "Sat Ditrău, Com. Ditrău",
          "Sat Racu, Com. Racu",
          "Sat Siculeni, Com. Siculeni",
          "Sat Remetea, Com. Remetea",
          "Sat Suseni, Com. Suseni"
        ]
      },
      "mrj": {
        "count": 26,
        "examples": [
          "MRJ. Miercurea Ciuc."
        ]
      }
    },
    "IAŞI": {
      "municipiu": {
        "count": 8,
        "examples": [
          "Mun. Paşcani."
        ]
      },
      "oras": {
        "count": 44,
        "examples": [
          "Orş. Hârlău.",
          "Orş. Podu Iloaiei.",
          "Orş. Târgu Frumos."
        ]
      },
      "comuna": {
        "count": 118,
        "examples": [
          "Com. Tomeşti.",
          "Com. Scobinţi.",
          "Com. Deleni.",
          "Com. Lespezi.",
          "Com. Alexandru I. Cuza."
        ]
      },
      "sat": {
        "count": 80,
        "examples": [
          "Sat Sireţel, Com. Sireţel",
          "Sat Holboca, Com. Holboca",
          "Sat Moşna, Com. Moşna",
          "Sat Horpaz, Com. Miroslava",
          "Sat Tătăruşi, Com. Tătăruşi"
        ]
      },
      "mrj": {
        "count": 60,
        "examples": [
          "MRJ. Iaşi."
        ]
      }
    },
    "IALOMIŢA": {
      "municipiu": {
        "count": 44,
        "examples": [
          "Mun. Urziceni.",
          "Mun. Feteşti."
        ]
      },
      "oras": {
        "count": 3,
        "examples": [
          "Orş. Amara."
        ]
      },
      "sat": {
        "count": 98,
        "examples": [
          "Sat Grindu, Com. Grindu",
          "Sat Ion Roată, Com. Ion Roată",
          "Sat Scânteia, Com. Scânteia",
          "Sat Alexeni, Com. Alexeni",
          "Sat Colelia, Com. Colelia"
        ]
      },
      "mrj": {
        "count": 10,
        "examples": [
          "MRJ. Slobozia."
        ]
      }
    },
    "DÂMBOVIŢA": {
      "municipiu": {
        "count": 17,
        "examples": [
          "Mun. Moreni."
        ]
      },
      "oras": {
        "count": 11,
        "examples": [
          "Orş. Găeşti.",
          "Orş. Pucioasa."
        ]
      },
      "comuna": {
        "count": 46,
        "examples": [
          "Com. Gura Foii.",
          "Com. Gura Ocniţei.",
          "Com. Butimanu.",
          "Com. Văleni-Dâmboviţa.",
          "Com. Corbii Mari."
        ]
      },
      "sat": {
        "count": 21,
        "examples": [
          "Sat Răscăeţi, Com. Răscăeţi",
          "Sat Dragodana, Com. Dragodana",
          "Sat Vişina, Com. Vişina",
          "Sat Doiceşti, Com. Doiceşti",
          "Sat Ocniţa, Com. Ocniţa"
        ]
      },
      "mrj": {
        "count": 57,
        "examples": [
          "MRJ. Târgovişte."
        ]
      }
    },
    "VÂLCEA": {
      "municipiu": {
        "count": 2,
        "examples": [
          "Mun. Drăgăşani."
        ]
      },
      "oras": {
        "count": 49,
        "examples": [
          "Orş. Horezu.",
          "Orş. Băile Olăneşti.",
          "Orş. Bălceşti.",
          "Orş. Brezoi.",
          "Orş. Berbeşti."
        ]
      },
      "comuna": {
        "count": 70,
        "examples": [
          "Com. Costeşti.",
          "Com. Stoileşti.",
          "Com. Buneşti.",
          "Com. Mateeşti.",
          "Com. Oteşani."
        ]
      },
      "sat": {
        "count": 9,
        "examples": [
          "Sat Creţeni, Com. Creţeni",
          "Sat Voineasa, Com. Voineasa",
          "Sat Rotărăşti, Com. Nicolae Bălcescu",
          "Sat Lungeşti, Com. Lungeşti"
        ]
      },
      "mrj": {
        "count": 107,
        "examples": [
          "MRJ. Râmnicu Vâlcea."
        ]
      }
    },
    "ALBA": {
      "municipiu": {
        "count": 25,
        "examples": [
          "Mun. Blaj.",
          "Mun. Aiud.",
          "Mun. Sebeş."
        ]
      },
      "oras": {
        "count": 60,
        "examples": [
          "Orş. Zlatna.",
          "Orş. Ocna Mureş.",
          "Orş. Abrud.",
          "Orş. Baia de Arieş.",
          "Orş. Câmpeni."
        ]
      },
      "comuna": {
        "count": 25,
        "examples": [
          "Com. Mihalţ.",
          "Com. Meteş.",
          "Com. Livezile.",
          "Com. Berghin.",
          "Com. Lupşa."
        ]
      },
      "sat": {
        "count": 93,
        "examples": [
          "Sat Noşlac, Com. Noşlac",
          "Sat Ciugud, Com. Ciugud",
          "Sat Daia Română, Com. Daia Română",
          "Sat Ocoliş, Com. Ocoliş",
          "Sat Săliştea, Com. Săliştea"
        ]
      },
      "mrj": {
        "count": 30,
        "examples": [
          "MRJ. Alba Iulia."
        ]
      }
    },
    "ARGEŞ": {
      "municipiu": {
        "count": 8,
        "examples": [
          "Mun. Câmpulung."
        ]
      },
      "oras": {
        "count": 11,
        "examples": [
          "Orş. Topoloveni.",
          "Orş. Costeşti.",
          "Orş. Mioveni."
        ]
      },
      "comuna": {
        "count": 93,
        "examples": [
          "Com. Bughea de Sus.",
          "Com. Hârseşti.",
          "Com. Priboieni.",
          "Com. Buzoeşti.",
          "Com. Lunca Corbului."
        ]
      },
      "sat": {
        "count": 48,
        "examples": [
          "Sat Cetăţeni, Com. Cetăţeni",
          "Sat Gorganu, Com. Călineşti",
          "Sat Corbi, Com. Corbi",
          "Sat Bughea de Jos, Com. Bughea de Jos",
          "Sat Moşoaia, Com. Moşoaia"
        ]
      },
      "mrj": {
        "count": 84,
        "examples": [
          "MRJ. Piteşti."
        ]
      }
    },
    "BIHOR": {
      "municipiu": {
        "count": 86,
        "examples": [
          "Mun. Salonta.",
          "Mun. Beiuş.",
          "Mun. Marghita."
        ]
      },
      "oras": {
        "count": 60,
        "examples": [
          "Orş. Săcueni.",
          "Orş. Nucet.",
          "Orş. Aleşd.",
          "Orş. Ştei.",
          "Orş. Vaşcău."
        ]
      },
      "sat": {
        "count": 254,
        "examples": [
          "Sat Tăuteu, Com. Tăuteu",
          "Sat Copăcel, Com. Copăcel",
          "Sat Ineu, Com. Ineu",
          "Sat Sântandrei, Com. Sântandrei",
          "Sat Hidişelu de Sus, Com. Hidişelu de Sus"
        ]
      },
      "mrj": {
        "count": 30,
        "examples": [
          "MRJ. Oradea."
        ]
      }
    },
    "BUZĂU": {
      "oras": {
        "count": 16,
        "examples": [
          "Orş. Nehoiu.",
          "Orş. Pătârlagele.",
          "Orş. Pogoanele."
        ]
      },
      "comuna": {
        "count": 14,
        "examples": [
          "Com. Siriu.",
          "Com. Movila Banului.",
          "Com. Puieşti.",
          "Com. Săruleşti.",
          "Com. Cătina."
        ]
      },
      "sat": {
        "count": 86,
        "examples": [
          "Sat Mihăileşti, Com. Mihăileşti",
          "Sat Largu, Com. Largu",
          "Sat Gălbinaşi, Com. Gălbinaşi",
          "Sat Scorţoasa, Com. Scorţoasa",
          "Sat Chiliile, Com. Chiliile"
        ]
      },
      "mrj": {
        "count": 8,
        "examples": [
          "MRJ. Buzău."
        ]
      }
    },
    "PRAHOVA": {
      "municipiu": {
        "count": 12,
        "examples": [
          "Mun. Câmpina."
        ]
      },
      "oras": {
        "count": 45,
        "examples": [
          "Orş. Plopeni.",
          "Orş. Slănic.",
          "Orş. Vălenii de Munte.",
          "Orş. Băicoi.",
          "Orş. Breaza."
        ]
      },
      "comuna": {
        "count": 62,
        "examples": [
          "Com. Baba Ana.",
          "Com. Plopu.",
          "Com. Drajna.",
          "Com. Gornet-Cricov.",
          "Com. Şirna."
        ]
      },
      "sat": {
        "count": 80,
        "examples": [
          "Sat Cornu de Jos, Com. Cornu",
          "Sat Bucov, Com. Bucov",
          "Sat Dumbrăveşti, Com. Dumbrăveşti",
          "Sat Puchenii Mari, Com. Puchenii Mari",
          "Sat Dumbrava, Com. Dumbrava"
        ]
      },
      "mrj": {
        "count": 25,
        "examples": [
          "MRJ. Ploieşti."
        ]
      }
    },
    "SĂLAJ": {
      "oras": {
        "count": 38,
        "examples": [
          "Orş. Şimleu Silvaniei."
        ]
      },
      "comuna": {
        "count": 1,
        "examples": [
          "Com. Vârşolţ."
        ]
      },
      "sat": {
        "count": 81,
        "examples": [
          "Sat Băbeni, Com. Băbeni",
          "Sat Creaca, Com. Creaca",
          "Sat Mirşid, Com. Mirşid",
          "Sat Crasna, Com. Crasna",
          "Sat Cizer, Com. Cizer"
        ]
      },
      "mrj": {
        "count": 16,
        "examples": [
          "MRJ. Zalău."
        ]
      }
    },
    "TIMIŞ": {
      "municipiu": {
        "count": 11,
        "examples": [
          "Mun. Lugoj."
        ]
      },
      "oras": {
        "count": 47,
        "examples": [
          "Orş. Deta.",
          "Orş. Sânnicolau Mare.",
          "Orş. Buziaş.",
          "Orş. Gătaia.",
          "Orş. Ciacova."
        ]
      },
      "comuna": {
        "count": 79,
        "examples": [
          "Com. Maşloc.",
          "Com. Fârdea.",
          "Com. Belint.",
          "Com. Tomeşti.",
          "Com. Iecea Mare."
        ]
      },
      "sat": {
        "count": 41,
        "examples": [
          "Sat Bucovăţ, Com. Bucovăţ",
          "Sat Săcălaz, Com. Săcălaz",
          "Sat Pietroasa, Com. Pietroasa",
          "Sat Satchinez, Com. Satchinez",
          "Sat Vălcani, Com. Vălcani"
        ]
      },
      "mrj": {
        "count": 66,
        "examples": [
          "MRJ. Timişoara."
        ]
      }
    },
    "ARAD": {
      "oras": {
        "count": 18,
        "examples": [
          "Orş. Ineu.",
          "Orş. Curtici.",
          "Orş. Nădlac.",
          "Orş. Chişineu-Criş.",
          "Orş. Sântana."
        ]
      },
      "comuna": {
        "count": 1,
        "examples": [
          "Com. Târnova."
        ]
      },
      "sat": {
        "count": 62,
        "examples": [
          "Sat Zerind, Com. Zerind",
          "Sat Olari, Com. Olari",
          "Sat Sintea Mare, Com. Sintea Mare",
          "Sat Şimand, Com. Şimand",
          "Sat Vladimirescu, Com. Vladimirescu"
        ]
      },
      "mrj": {
        "count": 40,
        "examples": [
          "MRJ. Arad."
        ]
      }
    },
    "BISTRIŢA-NĂSĂUD": {
      "oras": {
        "count": 11,
        "examples": [
          "Orş. Năsăud.",
          "Orş. Beclean.",
          "Orş. Sângeorz-Băi."
        ]
      },
      "comuna": {
        "count": 1,
        "examples": [
          "Com. Salva."
        ]
      },
      "sat": {
        "count": 52,
        "examples": [
          "Sat Matei, Com. Matei",
          "Sat Şieu-Măgheruş, Com. Şieu-Măgheruş",
          "Sat Runcu Salvei, Com. Runcu Salvei",
          "Sat Sânmihaiu de Câmpie, Com. Sânmihaiu de Câmpie",
          "Sat Parva, Com. Parva"
        ]
      },
      "mrj": {
        "count": 49,
        "examples": [
          "MRJ. Bistriţa."
        ]
      },
      "other": {
        "count": 1,
        "examples": [
          "Loc. Viişoara, MRJ. Bistriţa"
        ]
      }
    },
    "CARAŞ-SEVERIN": {
      "municipiu": {
        "count": 32,
        "examples": [
          "Mun. Caransebeş."
        ]
      },
      "oras": {
        "count": 79,
        "examples": [
          "Orş. Oraviţa.",
          "Orş. Moldova Nouă.",
          "Orş. Anina.",
          "Orş. Oţelu Roşu.",
          "Orş. Bocşa."
        ]
      },
      "comuna": {
        "count": 38,
        "examples": [
          "Com. Răcăşdia.",
          "Com. Sasca Montană.",
          "Com. Berzovia.",
          "Com. Vrani.",
          "Com. Constantin Daicoviciu."
        ]
      },
      "sat": {
        "count": 50,
        "examples": [
          "Sat Slatina-Timiş, Com. Slatina-Timiş",
          "Sat Fârliug, Com. Fârliug",
          "Sat Iablaniţa, Com. Iablaniţa",
          "Sat Brebu, Com. Brebu",
          "Sat Dognecea, Com. Dognecea"
        ]
      },
      "mrj": {
        "count": 36,
        "examples": [
          "MRJ. Reşiţa."
        ]
      }
    },
    "CĂLĂRAŞI": {
      "municipiu": {
        "count": 86,
        "examples": [
          "Mun. Olteniţa."
        ]
      },
      "oras": {
        "count": 7,
        "examples": [
          "Orş. Budeşti.",
          "Orş. Lehliu-Gară."
        ]
      },
      "comuna": {
        "count": 4,
        "examples": [
          "Com. Dorobanţu.",
          "Com. Nicolae Bălcescu.",
          "Com. Căscioarele."
        ]
      },
      "sat": {
        "count": 70,
        "examples": [
          "Sat Borcea, Com. Borcea",
          "Sat Vlad Ţepeş, Com. Vlad Ţepeş",
          "Sat Căscioarele, Com. Căscioarele",
          "Sat Gurbăneşti, Com. Gurbăneşti",
          "Sat Alexandru Odobescu, Com. Alexandru Odobescu"
        ]
      },
      "mrj": {
        "count": 39,
        "examples": [
          "MRJ. Călăraşi."
        ]
      }
    },
    "MARAMUREŞ": {
      "municipiu": {
        "count": 6,
        "examples": [
          "Mun. Sighetu Marmaţiei."
        ]
      },
      "oras": {
        "count": 77,
        "examples": [
          "Orş. Vişeu de Sus.",
          "Orş. Borşa.",
          "Orş. Săliştea de Sus.",
          "Orş. Târgu Lăpuş.",
          "Orş. Ulmeni."
        ]
      },
      "comuna": {
        "count": 2,
        "examples": [
          "Com. Şieu.",
          "Com. Deseşti."
        ]
      },
      "sat": {
        "count": 150,
        "examples": [
          "Sat Valea Chioarului, Com. Valea Chioarului",
          "Sat Repedea, Com. Repedea",
          "Sat Copalnic-Mănăştur, Com. Copalnic-Mănăştur",
          "Sat Recea, Com. Recea",
          "Sat Vima Mică, Com. Vima Mică"
        ]
      },
      "mrj": {
        "count": 26,
        "examples": [
          "MRJ. Baia Mare."
        ]
      }
    },
    "GALAŢI": {
      "municipiu": {
        "count": 25,
        "examples": [
          "Mun. Tecuci."
        ]
      },
      "oras": {
        "count": 5,
        "examples": [
          "Orş. Bereşti."
        ]
      },
      "sat": {
        "count": 76,
        "examples": [
          "Sat Poiana, Com. Poiana",
          "Sat Gohor, Com. Gohor",
          "Sat Scânteieşti, Com. Scânteieşti",
          "Sat Băneasa, Com. Băneasa",
          "Sat Bălăşeşti, Com. Bălăşeşti"
        ]
      },
      "mrj": {
        "count": 128,
        "examples": [
          "MRJ. Galaţi."
        ]
      }
    },
    "VRANCEA": {
      "municipiu": {
        "count": 5,
        "examples": [
          "Mun. Adjud."
        ]
      },
      "oras": {
        "count": 24,
        "examples": [
          "Orş. Panciu.",
          "Orş. Odobeşti.",
          "Orş. Mărăşeşti."
        ]
      },
      "comuna": {
        "count": 30,
        "examples": [
          "Com. Ciorăşti.",
          "Com. Păuneşti.",
          "Com. Jitia.",
          "Com. Păuleşti.",
          "Com. Slobozia Bradului."
        ]
      },
      "sat": {
        "count": 36,
        "examples": [
          "Sat Suraia, Com. Suraia",
          "Sat Vidra, Com. Vidra",
          "Sat Corbiţa, Com. Corbiţa",
          "Sat Moviliţa, Com. Moviliţa",
          "Sat Năruja, Com. Năruja"
        ]
      },
      "mrj": {
        "count": 4,
        "examples": [
          "MRJ. Focşani."
        ]
      }
    },
    "NEAMŢ": {
      "municipiu": {
        "count": 15,
        "examples": [
          "Mun. Roman."
        ]
      },
      "oras": {
        "count": 16,
        "examples": [
          "Orş. Târgu Neamţ.",
          "Orş. Roznov.",
          "Orş. Bicaz."
        ]
      },
      "sat": {
        "count": 66,
        "examples": [
          "Sat Oniceni, Com. Oniceni",
          "Sat Ştefan cel Mare, Com. Ştefan cel Mare",
          "Sat Ţibucani, Com. Ţibucani",
          "Sat Horia, Com. Horia",
          "Sat Brusturi, Com. Brusturi"
        ]
      },
      "mrj": {
        "count": 39,
        "examples": [
          "MRJ. Piatra Neamţ."
        ]
      }
    },
    "OLT": {
      "municipiu": {
        "count": 33,
        "examples": [
          "Mun. Caracal."
        ]
      },
      "oras": {
        "count": 39,
        "examples": [
          "Orş. Scorniceşti.",
          "Orş. Corabia.",
          "Orş. Potcoava.",
          "Orş. Balş.",
          "Orş. Drăgăneşti-Olt."
        ]
      },
      "comuna": {
        "count": 6,
        "examples": [
          "Com. Valea Mare.",
          "Com. Ghimpeţeni.",
          "Com. Gura Padinii."
        ]
      },
      "sat": {
        "count": 163,
        "examples": [
          "Sat Vădastra, Com. Vădastra",
          "Sat Izbiceni, Com. Izbiceni",
          "Sat Dăneasa, Com. Dăneasa",
          "Sat Mărgăriteşti, Com. Voineasa",
          "Sat Sâmbureşti, Com. Sâmbureşti"
        ]
      },
      "mrj": {
        "count": 24,
        "examples": [
          "MRJ. Slatina."
        ]
      }
    },
    "CLUJ": {
      "municipiu": {
        "count": 81,
        "examples": [
          "Mun. Turda.",
          "Mun. Dej.",
          "Mun. Câmpia Turzii.",
          "Mun. Gherla."
        ]
      },
      "comuna": {
        "count": 1,
        "examples": [
          "Com. Mintiu Gherlii."
        ]
      },
      "sat": {
        "count": 110,
        "examples": [
          "Sat Baciu, Com. Baciu",
          "Sat Negreni, Com. Negreni",
          "Sat Căianu, Com. Căianu",
          "Sat Băişoara, Com. Băişoara",
          "Sat Buza, Com. Buza"
        ]
      },
      "mrj": {
        "count": 106,
        "examples": [
          "MRJ. Cluj-Napoca."
        ]
      }
    },
    "VASLUI": {
      "municipiu": {
        "count": 35,
        "examples": [
          "Mun. Huşi.",
          "Mun. Bârlad."
        ]
      },
      "oras": {
        "count": 9,
        "examples": [
          "Orş. Murgeni.",
          "Orş. Negreşti."
        ]
      },
      "comuna": {
        "count": 69,
        "examples": [
          "Com. Băcani.",
          "Com. Hoceni.",
          "Com. Vutcani.",
          "Com. Băceşti.",
          "Com. Bogdăniţa."
        ]
      },
      "sat": {
        "count": 72,
        "examples": [
          "Sat Roşieşti, Com. Roşieşti",
          "Sat Albeşti, Com. Albeşti",
          "Sat Dumeşti, Com. Dumeşti",
          "Sat Băleşti, Com. Cozmeşti",
          "Sat Micleşti, Com. Micleşti"
        ]
      },
      "mrj": {
        "count": 47,
        "examples": [
          "MRJ. Vaslui."
        ]
      }
    },
    "TULCEA": {
      "oras": {
        "count": 11,
        "examples": [
          "Orş. Isaccea.",
          "Orş. Babadag.",
          "Orş. Sulina."
        ]
      },
      "comuna": {
        "count": 24,
        "examples": [
          "Com. Topolog.",
          "Com. Beidaud.",
          "Com. Ceamurlia de Jos.",
          "Com. Luncaviţa.",
          "Com. Horia."
        ]
      },
      "sat": {
        "count": 16,
        "examples": [
          "Sat Sarichioi, Com. Sarichioi",
          "Sat Mihail Kogălniceanu, Com. Mihail Kogălniceanu",
          "Sat Jurilovca, Com. Jurilovca",
          "Sat Greci, Com. Greci",
          "Sat Peceneaga, Com. Peceneaga"
        ]
      },
      "mrj": {
        "count": 16,
        "examples": [
          "MRJ. Tulcea."
        ]
      }
    },
    "BRAŞOV": {
      "municipiu": {
        "count": 10,
        "examples": [
          "Mun. Făgăraş.",
          "Mun. Săcele."
        ]
      },
      "oras": {
        "count": 33,
        "examples": [
          "Orş. Zărneşti.",
          "Orş. Râşnov.",
          "Orş. Victoria.",
          "Orş. Rupea.",
          "Orş. Predeal."
        ]
      },
      "comuna": {
        "count": 4,
        "examples": [
          "Com. Sâmbăta de Sus.",
          "Com. Viştea."
        ]
      },
      "sat": {
        "count": 25,
        "examples": [
          "Sat Tărlungeni, Com. Tărlungeni",
          "Sat Părău, Com. Părău",
          "Sat Mândra, Com. Mândra",
          "Sat Bran, Com. Bran",
          "Sat Vulcan, Com. Vulcan"
        ]
      },
      "mrj": {
        "count": 43,
        "examples": [
          "MRJ. Braşov."
        ]
      }
    },
    "GIURGIU": {
      "oras": {
        "count": 6,
        "examples": [
          "Orş. Bolintin-Vale."
        ]
      },
      "comuna": {
        "count": 21,
        "examples": [
          "Com. Vânătorii Mici.",
          "Com. Iepureşti.",
          "Com. Herăşti.",
          "Com. Gogoşari.",
          "Com. Oinacu."
        ]
      },
      "sat": {
        "count": 9,
        "examples": [
          "Sat Toporu, Com. Toporu",
          "Sat Hotarele, Com. Hotarele",
          "Sat Mârşa, Com. Mârşa"
        ]
      },
      "mrj": {
        "count": 20,
        "examples": [
          "MRJ. Giurgiu."
        ]
      }
    },
    "BRĂILA": {
      "comuna": {
        "count": 10,
        "examples": [
          "Com. Bordei Verde.",
          "Com. Romanu.",
          "Com. Victoria."
        ]
      },
      "sat": {
        "count": 23,
        "examples": [
          "Sat Şuţeşti, Com. Şuţeşti",
          "Sat Maxineni, Com. Maxineni",
          "Sat Racoviţa, Com. Racoviţa",
          "Sat Surdila-Găiseanca, Com. Surdila-Găiseanca",
          "Sat Grădiştea, Com. Grădiştea"
        ]
      },
      "mrj": {
        "count": 6,
        "examples": [
          "MRJ. Brăila."
        ]
      }
    }
  },
  "summary": {
    "totalCounties": 42,
    "totalLocalities": 1603,
    "patternCounts": {
      "sector": 2126,
      "municipiu": 855,
      "oras": 1073,
      "comuna": 1289,
      "sat": 2759,
      "mrj": 1851,
      "other": 47
    }
  }
}